timestamp,token,ltp
2025-10-07 14:17:50.899265,9827074,204.45
2025-10-07 14:17:51.148337,9827074,204.65
2025-10-07 14:17:51.398259,9827074,204.5
2025-10-07 14:17:51.648296,9827074,204.5
2025-10-07 14:17:51.898131,9827074,204.65
2025-10-07 14:17:52.724200,9827074,204.5
2025-10-07 14:17:53.236067,9827074,203.95
2025-10-07 14:17:53.648625,9827074,203.95
2025-10-07 14:17:54.148116,9827074,203.8
2025-10-07 14:17:54.648304,9827074,204.05
2025-10-07 14:17:55.148629,9827074,204.35
2025-10-07 14:17:55.693443,9827074,204.65
2025-10-07 14:17:56.206122,9827074,204.8
2025-10-07 14:17:56.398232,9827074,205.0
2025-10-07 14:17:56.898171,9827074,205.15
2025-10-07 14:17:57.648177,9827074,205.05
2025-10-07 14:17:58.148272,9827074,205.9
2025-10-07 14:17:58.647967,9827074,205.35
2025-10-07 14:17:59.148002,9827074,204.95
2025-10-07 14:17:59.686872,9827074,205.45
2025-10-07 14:18:00.149859,9827074,205.55
2025-10-07 14:18:00.711116,9827074,205.55
2025-10-07 14:18:01.400086,9827074,207.5
2025-10-07 14:18:01.898234,9827074,207.0
2025-10-07 14:18:02.648330,9827074,206.4
2025-10-07 14:18:03.148632,9827074,206.5
2025-10-07 14:18:03.681193,9827074,206.5
2025-10-07 14:18:04.193004,9827074,207.0
2025-10-07 14:18:04.648554,9827074,207.4
2025-10-07 14:18:04.899556,9827074,207.4
2025-10-07 14:18:05.149692,9827074,207.6
2025-10-07 14:18:05.648630,9827074,207.1
2025-10-07 14:18:06.148625,9827074,207.3
2025-10-07 14:18:06.446717,9827074,207.75
2025-10-07 14:18:06.898762,9827074,207.75
2025-10-07 14:18:07.648497,9827074,207.6
2025-10-07 14:18:08.148733,9827074,207.45
2025-10-07 14:18:08.648353,9827074,207.45
2025-10-07 14:18:09.414965,9827074,206.95
2025-10-07 14:18:09.898743,9827074,207.65
2025-10-07 14:18:10.148479,9827074,207.65
2025-10-07 14:18:10.748973,9827074,207.65
2025-10-07 14:18:11.148293,9827074,207.45
2025-10-07 14:18:11.398239,9827074,207.6
2025-10-07 14:18:11.898775,9827074,207.6
2025-10-07 14:18:12.648199,9827074,207.75
2025-10-07 14:18:13.148267,9827074,207.05
2025-10-07 14:18:13.648414,9827074,207.05
2025-10-07 14:18:14.228317,9827074,208.3
2025-10-07 14:18:14.649208,9827074,207.95
2025-10-07 14:18:14.898358,9827074,207.85
2025-10-07 14:18:15.148684,9827074,207.85
2025-10-07 14:18:15.663129,9827074,207.6
2025-10-07 14:18:16.148486,9827074,207.7
2025-10-07 14:18:16.648414,9827074,206.9
2025-10-07 14:18:16.898425,9827074,206.75
2025-10-07 14:18:17.148308,9827074,207.3
2025-10-07 14:18:17.648301,9827074,207.25
2025-10-07 14:18:18.148498,9827074,208.0
2025-10-07 14:18:18.733524,9827074,208.0
2025-10-07 14:18:19.900030,9827074,207.7
2025-10-07 14:18:20.149012,9827074,207.7
2025-10-07 14:18:20.648457,9827074,208.05
2025-10-07 14:18:21.148892,9827074,207.6
2025-10-07 14:18:21.705207,9827074,207.9
2025-10-07 14:18:22.148847,9827074,208.1
2025-10-07 14:18:22.648495,9827074,208.15
2025-10-07 14:18:23.149272,9827074,207.95
2025-10-07 14:18:23.399809,9827074,207.95
2025-10-07 14:18:23.752793,9827074,207.95
2025-10-07 14:18:24.161405,9827074,208.0
2025-10-07 14:18:24.673269,9827074,207.25
2025-10-07 14:18:25.148410,9827074,207.25
2025-10-07 14:18:25.648527,9827074,207.25
2025-10-07 14:18:26.148390,9827074,207.3
2025-10-07 14:18:26.648937,9827074,207.3
2025-10-07 14:18:27.898760,9827074,207.95
2025-10-07 14:18:28.148649,9827074,207.95
2025-10-07 14:18:28.648428,9827074,208.95
2025-10-07 14:18:29.487081,9827074,208.95
2025-10-07 14:18:29.649043,9827074,208.7
2025-10-07 14:18:29.898911,9827074,208.9
2025-10-07 14:18:30.148901,9827074,208.45
2025-10-07 14:18:30.717278,9827074,208.95
2025-10-07 14:18:30.898631,9827074,208.95
2025-10-07 14:18:31.148662,9827074,208.85
2025-10-07 14:18:31.648481,9827074,208.75
2025-10-07 14:18:32.147970,9827074,209.0
2025-10-07 14:18:32.650620,9827074,209.0
2025-10-07 14:18:33.149611,9827074,209.1
2025-10-07 14:18:33.479828,9827074,209.2
2025-10-07 14:18:33.648771,9827074,209.15
2025-10-07 14:18:34.148879,9827074,208.55
2025-10-07 14:18:34.708659,9827074,208.55
2025-10-07 14:18:34.899044,9827074,209.3
2025-10-07 14:18:35.149379,9827074,209.3
2025-10-07 14:18:35.649184,9827074,209.3
2025-10-07 14:18:36.150677,9827074,209.0
2025-10-07 14:18:36.649058,9827074,209.05
2025-10-07 14:18:37.148968,9827074,209.0
2025-10-07 14:18:37.648798,9827074,209.15
2025-10-07 14:18:38.148799,9827074,208.3
2025-10-07 14:18:38.398522,9827074,208.3
2025-10-07 14:18:38.649151,9827074,208.9
2025-10-07 14:18:39.148849,9827074,208.8
2025-10-07 14:18:39.726483,9827074,209.2
2025-10-07 14:18:39.898820,9827074,208.8
2025-10-07 14:18:40.148492,9827074,208.8
2025-10-07 14:18:40.751734,9827074,208.2
2025-10-07 14:18:41.148838,9827074,209.35
2025-10-07 14:18:41.671817,9827074,209.0
2025-10-07 14:18:41.898574,9827074,209.0
2025-10-07 14:18:42.148778,9827074,209.0
2025-10-07 14:18:42.899919,9827074,208.9
2025-10-07 14:18:43.151046,9827074,208.9
2025-10-07 14:18:43.412589,9827074,209.1
2025-10-07 14:18:43.648693,9827074,209.1
2025-10-07 14:18:44.149711,9827074,208.95
2025-10-07 14:18:44.649236,9827074,209.1
2025-10-07 14:18:44.900803,9827074,209.1
2025-10-07 14:18:45.148671,9827074,208.65
2025-10-07 14:18:45.462710,9827074,208.65
2025-10-07 14:18:46.177489,9827074,208.05
2025-10-07 14:18:46.651128,9827074,208.0
2025-10-07 14:18:47.149118,9827074,208.1
2025-10-07 14:18:47.648633,9827074,208.1
2025-10-07 14:18:48.148790,9827074,208.1
2025-10-07 14:18:48.737663,9827074,208.35
2025-10-07 14:18:49.148677,9827074,208.7
2025-10-07 14:18:49.661124,9827074,208.25
2025-10-07 14:18:50.150163,9827074,208.25
2025-10-07 14:18:50.649223,9827074,208.0
2025-10-07 14:18:51.200268,9827074,208.45
2025-10-07 14:18:51.811757,9827074,208.05
2025-10-07 14:18:51.925561,9827074,208.05
2025-10-07 14:18:52.166197,9827074,208.0
2025-10-07 14:18:52.674373,9827074,208.0
2025-10-07 14:18:53.166142,9827074,207.85
2025-10-07 14:18:53.666126,9827074,208.35
2025-10-07 14:18:54.267952,9827074,207.95
2025-10-07 14:18:54.677266,9827074,208.2
2025-10-07 14:18:55.149218,9827074,207.7
2025-10-07 14:18:55.399416,9827074,208.15
2025-10-07 14:18:56.213255,9827074,208.15
2025-10-07 14:18:56.398400,9827074,208.25
2025-10-07 14:18:56.724964,9827074,208.25
2025-10-07 14:18:57.148780,9827074,207.9
2025-10-07 14:18:57.748949,9827074,207.65
2025-10-07 14:18:58.148597,9827074,208.0
2025-10-07 14:18:58.401179,9827074,208.0
2025-10-07 14:18:59.197202,9827074,207.6
2025-10-07 14:18:59.649257,9827074,208.0
2025-10-07 14:19:00.148687,9827074,208.0
2025-10-07 14:19:00.718348,9827074,208.0
2025-10-07 14:19:00.898582,9827074,208.0
2025-10-07 14:19:01.148742,9827074,207.55
2025-10-07 14:19:01.398836,9827074,207.3
2025-10-07 14:19:01.648843,9827074,207.3
2025-10-07 14:19:02.148963,9827074,207.55
2025-10-07 14:19:02.649519,9827074,207.55
2025-10-07 14:19:03.172282,9827074,207.05
2025-10-07 14:19:03.648954,9827074,207.05
2025-10-07 14:19:04.200470,9827074,206.9
2025-10-07 14:19:04.712902,9827074,206.9
2025-10-07 14:19:05.149377,9827074,207.45
2025-10-07 14:19:05.649339,9827074,207.4
2025-10-07 14:19:06.453207,9827074,206.7
2025-10-07 14:19:06.648792,9827074,206.7
2025-10-07 14:19:07.148636,9827074,206.7
2025-10-07 14:19:07.398695,9827074,206.75
2025-10-07 14:19:07.898979,9827074,206.75
2025-10-07 14:19:08.226401,9827074,206.75
2025-10-07 14:19:08.901566,9827074,208.0
2025-10-07 14:19:09.149092,9827074,207.6
2025-10-07 14:19:09.649004,9827074,207.9
2025-10-07 14:19:10.148976,9827074,208.15
2025-10-07 14:19:10.653090,9827074,207.9
2025-10-07 14:19:11.151637,9827074,207.45
2025-10-07 14:19:11.399464,9827074,207.45
2025-10-07 14:19:11.649488,9827074,207.8
2025-10-07 14:19:12.290364,9827074,207.8
2025-10-07 14:19:12.701571,9827074,207.0
2025-10-07 14:19:12.898900,9827074,206.2
2025-10-07 14:19:13.149170,9827074,205.3
2025-10-07 14:19:13.649413,9827074,205.65
2025-10-07 14:19:14.149735,9827074,206.0
2025-10-07 14:19:14.704815,9827074,205.6
2025-10-07 14:19:14.951072,9827074,205.6
2025-10-07 14:19:15.670246,9827074,206.15
2025-10-07 14:19:16.183932,9827074,206.0
2025-10-07 14:19:16.693110,9827074,206.15
2025-10-07 14:19:16.899190,9827074,206.15
2025-10-07 14:19:17.149011,9827074,206.0
2025-10-07 14:19:17.717497,9827074,206.15
2025-10-07 14:19:17.899124,9827074,206.0
2025-10-07 14:19:18.399096,9827074,205.95
2025-10-07 14:19:19.255171,9827074,205.95
2025-10-07 14:19:19.687571,9827074,206.15
2025-10-07 14:19:19.917522,9827074,206.15
2025-10-07 14:19:21.199087,9827074,206.25
2025-10-07 14:19:21.712346,9827074,206.2
2025-10-07 14:19:22.149609,9827074,206.2
2025-10-07 14:19:22.649081,9827074,206.25
2025-10-07 14:23:43.310092,9827074,200.5
2025-10-07 14:23:43.810321,9827074,200.0
2025-10-07 14:23:44.310280,9827074,199.65
2025-10-07 14:23:44.580105,9827074,199.8
2025-10-07 14:23:45.310122,9827074,199.55
2025-10-07 14:23:45.909085,9827074,200.0
2025-10-07 14:23:46.318862,9827074,200.0
2025-10-07 14:23:46.810459,9827074,200.0
2025-10-07 14:23:47.310353,9827074,200.0
2025-10-07 14:23:47.651959,9827074,199.65
2025-10-07 14:23:48.060396,9827074,199.65
2025-10-07 14:23:48.367241,9827074,200.7
2025-10-07 14:23:48.566606,9827074,201.45
2025-10-07 14:23:49.060020,9827074,202.0
2025-10-07 14:23:49.810422,9827074,201.6
2025-10-07 14:23:50.310655,9827074,201.25
2025-10-07 14:23:50.824635,9827074,200.9
2025-10-07 14:23:51.310355,9827074,201.3
2025-10-07 14:23:51.809946,9827074,202.05
2025-10-07 14:23:52.361502,9827074,202.1
2025-10-07 14:23:52.874415,9827074,201.75
2025-10-07 14:23:53.060112,9827074,201.75
2025-10-07 14:23:53.310163,9827074,200.5
2025-10-07 14:23:53.896513,9827074,200.55
2025-10-07 14:23:54.060314,9827074,199.7
2025-10-07 14:23:54.408684,9827074,199.7
2025-10-07 14:23:54.810321,9827074,199.75
2025-10-07 14:23:55.311307,9827074,200.45
2025-10-07 14:23:55.638437,9827074,200.9
2025-10-07 14:23:56.354630,9827074,200.45
2025-10-07 14:23:56.560253,9827074,200.45
2025-10-07 14:23:57.310250,9827074,201.45
2025-10-07 14:23:57.816430,9827074,201.8
2025-10-07 14:23:58.095171,9827074,201.8
2025-10-07 14:23:58.560829,9827074,201.2
2025-10-07 14:23:59.119742,9827074,201.2
2025-10-07 14:23:59.810047,9827074,200.0
2025-10-07 14:24:00.347900,9827074,199.55
2025-10-07 14:24:00.810114,9827074,200.05
2025-10-07 14:24:01.320268,9827074,200.85
2025-10-07 14:24:01.810222,9827074,200.85
2025-10-07 14:24:02.309898,9827074,201.3
2025-10-07 14:24:02.810569,9827074,201.3
2025-10-07 14:24:03.060157,9827074,202.65
2025-10-07 14:24:03.829521,9827074,203.3
2025-10-07 14:24:04.137060,9827074,204.0
2025-10-07 14:24:04.310306,9827074,204.05
2025-10-07 14:24:04.649300,9827074,203.35
2025-10-07 14:24:05.310188,9827074,203.0
2025-10-07 14:24:05.571918,9827074,203.15
2025-10-07 14:24:06.389790,9827074,202.65
2025-10-07 14:24:06.901901,9827074,202.45
2025-10-07 14:24:07.311602,9827074,202.0
2025-10-07 14:24:07.618711,9827074,202.35
2025-10-07 14:24:08.132124,9827074,202.75
2025-10-07 14:24:08.317080,9827074,202.75
2025-10-07 14:24:08.560208,9827074,202.9
2025-10-07 14:24:09.060085,9827074,201.25
2025-10-07 14:24:09.871796,9827074,201.35
2025-10-07 14:24:10.384148,9827074,201.1
2025-10-07 14:24:10.895497,9827074,200.85
2025-10-07 14:24:11.311036,9827074,201.55
2025-10-07 14:24:11.817948,9827074,201.55
2025-10-07 14:24:12.328814,9827074,201.25
2025-10-07 14:24:12.810040,9827074,201.65
2025-10-07 14:24:13.148451,9827074,201.8
2025-10-07 14:24:13.310652,9827074,202.0
2025-10-07 14:24:13.864924,9827074,202.35
2025-10-07 14:24:14.066776,9827074,202.0
2025-10-07 14:24:14.310301,9827074,202.4
2025-10-07 14:24:14.560640,9827074,202.0
2025-10-07 14:24:15.310902,9827074,201.55
2025-10-07 14:24:15.810100,9827074,201.7
2025-10-07 14:24:16.311055,9827074,202.7
2025-10-07 14:24:16.810346,9827074,202.15
2025-10-07 14:24:17.312768,9827074,199.6
2025-10-07 14:24:17.565334,9827074,199.7
2025-10-07 14:24:17.810441,9827074,199.75
2025-10-07 14:24:18.167320,9827074,200.0
2025-10-07 14:24:18.560284,9827074,200.45
2025-10-07 14:24:18.812643,9827074,201.25
2025-10-07 14:24:19.398658,9827074,201.25
2025-10-07 14:24:19.560424,9827074,200.2
2025-10-07 14:24:20.316371,9827074,199.9
2025-10-07 14:24:20.811175,9827074,199.6
2025-10-07 14:24:21.310700,9827074,200.15
2025-10-07 14:24:21.810934,9827074,199.75
2025-10-07 14:24:22.316848,9827074,199.55
2025-10-07 14:24:22.810525,9827074,199.55
2025-10-07 14:24:23.081078,9827074,200.0
2025-10-07 14:24:23.310732,9827074,200.55
2025-10-07 14:24:23.560783,9827074,199.9
2025-10-07 14:24:23.901700,9827074,199.1
2025-10-07 14:24:24.412712,9827074,199.65
2025-10-07 14:24:24.825143,9827074,200.0
2025-10-07 14:24:25.310709,9827074,200.7
2025-10-07 14:24:25.810453,9827074,199.9
2025-10-07 14:24:26.310761,9827074,199.75
2025-10-07 14:24:26.560771,9827074,199.4
2025-10-07 14:24:27.311244,9827074,198.35
2025-10-07 14:24:27.560328,9827074,199.8
2025-10-07 14:24:28.060632,9827074,199.0
2025-10-07 14:24:28.560411,9827074,200.0
2025-10-07 14:24:29.060531,9827074,200.05
2025-10-07 14:24:29.311323,9827074,199.1
2025-10-07 14:24:29.810908,9827074,199.75
2025-10-07 14:24:30.316030,9827074,199.85
2025-10-07 14:24:30.560603,9827074,199.6
2025-10-07 14:24:31.376994,9827074,198.95
2025-10-07 14:24:31.810659,9827074,198.0
2025-10-07 14:24:32.401128,9827074,198.4
2025-10-07 14:24:32.810258,9827074,198.6
2025-10-07 14:24:33.061000,9827074,199.1
2025-10-07 14:24:33.560213,9827074,198.8
2025-10-07 14:24:34.142150,9827074,199.2
2025-10-07 14:24:34.560434,9827074,199.2
2025-10-07 14:24:35.310972,9827074,199.55
2025-10-07 14:24:35.883119,9827074,199.3
2025-10-07 14:24:36.393269,9827074,199.2
2025-10-07 14:24:36.907408,9827074,198.8
2025-10-07 14:24:37.311385,9827074,198.55
2025-10-07 14:24:37.622617,9827074,199.1
2025-10-07 14:24:38.134535,9827074,199.2
2025-10-07 14:24:38.852844,9827074,199.05
2025-10-07 14:24:39.060977,9827074,198.9
2025-10-07 14:24:39.560626,9827074,198.8
2025-10-07 14:24:40.312665,9827074,198.8
2025-10-07 14:24:40.560262,9827074,198.75
2025-10-07 14:24:41.311179,9827074,198.3
2025-10-07 14:24:41.811178,9827074,197.55
2025-10-07 14:24:42.310496,9827074,197.5
2025-10-07 14:24:42.560345,9827074,197.5
2025-10-07 14:24:43.154954,9827074,197.7
2025-10-07 14:24:43.310483,9827074,197.9
2025-10-07 14:24:43.560964,9827074,197.55
2025-10-07 14:24:44.060901,9827074,197.95
2025-10-07 14:24:44.811423,9827074,197.95
2025-10-07 14:24:45.311398,9827074,198.3
2025-10-07 14:24:45.810735,9827074,198.6
2025-10-07 14:24:46.310668,9827074,198.65
2025-10-07 14:24:46.810527,9827074,198.65
2025-10-07 14:24:47.310735,9827074,197.8
2025-10-07 14:24:47.657869,9827074,197.8
2025-10-07 14:24:48.061369,9827074,197.9
2025-10-07 14:24:48.374786,9827074,197.9
2025-10-07 14:24:48.810606,9827074,197.8
2025-10-07 14:24:49.060558,9827074,198.0
2025-10-07 14:24:49.310081,9827074,198.55
2025-10-07 14:24:49.560446,9827074,197.35
2025-10-07 14:24:50.320329,9827074,196.65
2025-10-07 14:24:50.810562,9827074,197.9
2025-10-07 14:24:51.317931,9827074,197.95
2025-10-07 14:24:51.811054,9827074,198.0
2025-10-07 14:24:52.310906,9827074,198.15
2025-10-07 14:24:52.573654,9827074,198.0
2025-10-07 14:24:52.811156,9827074,198.25
2025-10-07 14:24:53.310979,9827074,197.7
2025-10-07 14:24:53.631501,9827074,197.65
2025-10-07 14:24:54.061369,9827074,197.95
2025-10-07 14:24:54.621940,9827074,197.4
2025-10-07 14:24:55.748546,9827074,197.35
2025-10-07 14:24:55.854320,9827074,197.5
2025-10-07 14:24:56.467921,9827074,197.55
2025-10-07 14:24:56.811007,9827074,197.55
2025-10-07 14:24:57.316426,9827074,197.95
2025-10-07 14:24:57.670666,9827074,197.95
2025-10-07 14:24:57.811567,9827074,197.95
2025-10-07 14:24:58.409857,9827074,197.6
2025-10-07 14:24:58.810880,9827074,197.6
2025-10-07 14:24:59.141601,9827074,197.55
2025-10-07 14:24:59.344835,9827074,197.95
2025-10-07 14:24:59.880976,9827074,197.95
2025-10-07 14:25:00.361173,9827074,197.7
2025-10-07 14:25:00.663781,9827074,198.4
2025-10-07 14:25:01.310843,9827074,199.0
2025-10-07 14:25:01.560707,9827074,198.5
2025-10-07 14:25:02.405505,9827074,198.8
2025-10-07 14:25:02.816304,9827074,199.6
2025-10-07 14:25:03.075644,9827074,199.05
2025-10-07 14:25:03.310864,9827074,199.35
2025-10-07 14:25:03.941479,9827074,199.85
2025-10-07 14:25:04.091275,9827074,199.2
2025-10-07 14:25:04.311076,9827074,199.8
2025-10-07 14:25:04.560926,9827074,199.85
2025-10-07 14:25:05.373875,9827074,199.45
2025-10-07 14:25:05.812006,9827074,199.45
2025-10-07 14:25:06.402220,9827074,199.75
2025-10-07 14:25:06.640228,9827074,200.05
2025-10-07 14:25:07.421862,9827074,200.25
2025-10-07 14:25:07.565704,9827074,200.25
2025-10-07 14:25:08.099431,9827074,200.65
2025-10-07 14:25:08.560828,9827074,200.65
2025-10-07 14:25:09.443518,9827074,200.45
2025-10-07 14:25:09.561373,9827074,200.45
2025-10-07 14:25:10.637255,9827074,199.95
2025-10-07 14:25:10.637675,9827074,200.0
2025-10-07 14:25:10.810706,9827074,200.0
2025-10-07 14:25:11.311916,9827074,200.0
2025-10-07 14:25:11.560935,9827074,200.45
2025-10-07 14:25:12.336694,9827074,199.85
2025-10-07 14:25:12.811380,9827074,200.5
2025-10-07 14:25:13.061229,9827074,200.7
2025-10-07 14:25:13.810704,9827074,200.45
2025-10-07 14:25:14.061123,9827074,200.35
2025-10-07 14:25:14.311130,9827074,200.4
2025-10-07 14:25:14.810913,9827074,199.9
2025-10-07 14:25:15.311245,9827074,199.55
2025-10-07 14:25:15.811183,9827074,198.85
2025-10-07 14:25:16.330590,9827074,197.9
2025-10-07 14:25:16.560902,9827074,196.5
2025-10-07 14:25:17.311805,9827074,194.95
2025-10-07 14:25:17.561102,9827074,194.95
2025-10-07 14:25:18.062341,9827074,192.95
2025-10-07 14:25:18.891680,9827074,193.0
2025-10-07 14:25:19.061807,9827074,192.55
2025-10-07 14:25:19.814247,9827074,192.8
2025-10-07 14:25:20.312742,9827074,192.2
2025-10-07 14:25:20.811270,9827074,192.55
2025-10-07 14:25:21.061704,9827074,192.05
2025-10-07 14:25:21.311866,9827074,192.5
2025-10-07 14:25:21.810877,9827074,193.25
2025-10-07 14:25:22.311617,9827074,193.85
2025-10-07 14:25:22.560810,9827074,193.85
2025-10-07 14:25:23.060972,9827074,194.45
2025-10-07 14:25:23.310818,9827074,195.05
2025-10-07 14:25:23.813574,9827074,194.25
2025-10-07 14:25:24.113931,9827074,194.25
2025-10-07 14:25:24.311372,9827074,194.25
2025-10-07 14:25:24.811113,9827074,194.55
2025-10-07 14:25:25.311108,9827074,195.2
2025-10-07 14:25:25.648668,9827074,195.2
2025-10-07 14:25:25.812154,9827074,195.4
2025-10-07 14:25:26.310941,9827074,195.4
2025-10-07 14:25:26.561602,9827074,194.95
2025-10-07 14:25:27.318254,9827074,194.65
2025-10-07 14:25:27.561561,9827074,193.8
2025-10-07 14:25:28.106789,9827074,194.15
2025-10-07 14:25:28.312325,9827074,194.35
2025-10-07 14:25:28.618224,9827074,193.95
2025-10-07 14:25:29.061577,9827074,193.1
2025-10-07 14:25:29.335651,9827074,194.05
2025-10-07 14:25:29.566525,9827074,193.65
2025-10-07 14:25:30.361018,9827074,195.45
2025-10-07 14:25:31.061279,9827074,195.25
2025-10-07 14:25:32.102101,9827074,195.25
2025-10-07 14:25:32.920639,9827074,196.5
2025-10-07 14:25:33.361019,9827074,196.4
2025-10-07 14:25:34.150177,9827074,195.2
2025-10-07 14:25:35.311259,9827074,193.65
2025-10-07 14:25:35.813140,9827074,193.8
2025-10-07 14:25:36.311078,9827074,194.75
2025-10-07 14:25:36.568454,9827074,194.8
2025-10-07 14:25:37.310980,9827074,193.65
2025-10-07 14:25:37.561489,9827074,194.4
2025-10-07 14:25:38.061320,9827074,193.2
2025-10-07 14:25:38.311783,9827074,193.5
2025-10-07 14:25:38.561614,9827074,193.55
2025-10-07 14:25:39.061366,9827074,193.6
2025-10-07 14:25:39.561592,9827074,193.6
2025-10-07 14:25:40.395027,9827074,193.8
2025-10-07 14:25:40.561056,9827074,193.65
2025-10-07 14:25:41.311482,9827074,193.4
2025-10-07 14:25:41.634887,9827074,194.4
2025-10-07 14:25:42.311182,9827074,194.9
2025-10-07 14:25:42.810830,9827074,194.45
2025-10-07 14:25:43.310784,9827074,194.45
2025-10-07 14:25:43.562389,9827074,194.45
2025-10-07 14:25:44.062156,9827074,193.8
2025-10-07 14:25:44.312214,9827074,193.55
2025-10-07 14:25:44.810870,9827074,193.0
2025-10-07 14:25:45.311267,9827074,193.6
2025-10-07 14:25:45.818595,9827074,193.0
2025-10-07 14:25:46.311127,9827074,194.05
2025-10-07 14:25:46.569420,9827074,194.45
2025-10-07 14:25:47.312730,9827074,194.15
2025-10-07 14:25:47.560734,9827074,194.1
2025-10-07 14:25:48.060807,9827074,193.75
2025-10-07 14:25:48.312448,9827074,193.85
2025-10-07 14:25:48.561194,9827074,193.8
2025-10-07 14:25:48.810919,9827074,193.8
2025-10-07 14:25:49.312425,9827074,193.4
2025-10-07 14:25:49.812268,9827074,193.0
2025-10-07 14:25:50.313088,9827074,193.55
2025-10-07 14:25:50.564523,9827074,193.55
2025-10-07 14:25:50.811476,9827074,193.05
2025-10-07 14:25:51.312723,9827074,193.5
2025-10-07 14:25:51.813714,9827074,193.5
2025-10-07 14:25:52.377675,9827074,193.35
2025-10-07 14:25:52.811743,9827074,193.3
2025-10-07 14:25:53.311388,9827074,194.0
2025-10-07 14:25:53.561711,9827074,193.3
2025-10-07 14:25:53.811739,9827074,194.3
2025-10-07 14:25:54.311945,9827074,194.1
2025-10-07 14:25:54.561426,9827074,194.75
2025-10-07 14:25:55.311480,9827074,194.9
2025-10-07 14:25:55.561390,9827074,194.9
2025-10-07 14:25:56.312341,9827074,194.9
2025-10-07 14:25:56.810691,9827074,195.0
2025-10-07 14:25:57.061985,9827074,195.8
2025-10-07 14:25:57.811378,9827074,195.85
2025-10-07 14:25:58.311453,9827074,195.55
2025-10-07 14:25:58.814504,9827074,195.55
2025-10-07 14:25:59.311028,9827074,196.0
2025-10-07 14:25:59.561510,9827074,195.45
2025-10-07 14:26:00.311397,9827074,195.7
2025-10-07 14:26:00.561556,9827074,194.65
2025-10-07 14:26:01.312055,9827074,194.0
2025-10-07 14:26:01.561452,9827074,192.85
2025-10-07 14:26:02.061694,9827074,188.9
2025-10-07 14:26:02.561864,9827074,186.55
2025-10-07 14:26:02.811726,9827074,186.7
2025-10-07 14:26:03.561817,9827074,185.9
2025-10-07 14:26:03.846756,9827074,185.65
2025-10-07 14:26:04.312738,9827074,186.7
2025-10-07 14:26:04.812327,9827074,186.45
2025-10-07 14:26:05.311487,9827074,186.25
2025-10-07 14:26:05.586869,9827074,186.2
2025-10-07 14:26:05.811847,9827074,186.2
2025-10-07 14:26:06.312450,9827074,187.4
2025-10-07 14:26:06.561805,9827074,189.9
2025-10-07 14:26:06.817387,9827074,189.65
2025-10-07 14:26:07.123628,9827074,188.45
2025-10-07 14:26:07.312359,9827074,188.55
2025-10-07 14:26:07.634084,9827074,187.4
2025-10-07 14:26:08.146297,9827074,187.8
2025-10-07 14:26:08.312253,9827074,188.8
2025-10-07 14:26:08.811935,9827074,187.8
2025-10-07 14:26:09.311762,9827074,188.35
2025-10-07 14:26:09.579052,9827074,187.85
2025-10-07 14:26:09.811856,9827074,187.55
2025-10-07 14:26:10.311842,9827074,188.5
2025-10-07 14:26:10.561341,9827074,188.25
2025-10-07 14:26:11.311742,9827074,188.15
2025-10-07 14:26:11.811795,9827074,188.1
2025-10-07 14:26:12.061481,9827074,188.0
2025-10-07 14:26:12.312527,9827074,187.25
2025-10-07 14:26:12.561698,9827074,187.4
2025-10-07 14:26:12.811780,9827074,188.1
2025-10-07 14:26:13.314216,9827074,187.65
2025-10-07 14:26:13.561731,9827074,188.05
2025-10-07 14:26:14.061328,9827074,188.45
2025-10-07 14:26:14.311861,9827074,188.9
2025-10-07 14:26:14.561818,9827074,188.15
2025-10-07 14:26:14.811836,9827074,188.65
2025-10-07 14:26:15.311701,9827074,188.35
2025-10-07 14:26:15.562246,9827074,190.0
2025-10-07 14:26:16.338414,9827074,189.6
2025-10-07 14:26:16.561433,9827074,189.55
2025-10-07 14:26:17.062066,9827074,189.45
2025-10-07 14:26:17.315700,9827074,189.65
2025-10-07 14:26:17.571729,9827074,189.75
2025-10-07 14:26:18.078772,9827074,189.75
2025-10-07 14:26:18.311453,9827074,189.9
2025-10-07 14:26:18.811610,9827074,189.4
2025-10-07 14:26:19.312571,9827074,190.1
2025-10-07 14:26:19.616468,9827074,189.85
2025-10-07 14:26:19.811698,9827074,189.55
2025-10-07 14:26:20.311696,9827074,189.9
2025-10-07 14:26:20.641929,9827074,189.6
2025-10-07 14:26:21.061867,9827074,189.2
2025-10-07 14:26:21.311894,9827074,189.2
2025-10-07 14:26:21.811777,9827074,189.5
2025-10-07 14:26:22.073920,9827074,191.05
2025-10-07 14:26:22.311582,9827074,191.05
2025-10-07 14:26:22.562001,9827074,190.7
2025-10-07 14:26:22.892095,9827074,190.65
2025-10-07 14:26:23.312045,9827074,190.1
2025-10-07 14:26:23.562287,9827074,189.65
2025-10-07 14:26:24.061843,9827074,190.4
2025-10-07 14:26:24.314184,9827074,190.25
2025-10-07 14:26:24.632671,9827074,189.85
2025-10-07 14:26:25.657363,9827074,191.95
2025-10-07 14:26:26.062135,9827074,191.2
2025-10-07 14:26:26.312017,9827074,191.4
2025-10-07 14:26:26.578668,9827074,191.2
2025-10-07 14:26:27.061907,9827074,191.6
2025-10-07 14:26:27.311583,9827074,191.0
2025-10-07 14:26:27.562764,9827074,192.0
2025-10-07 14:26:27.812065,9827074,192.35
2025-10-07 14:26:28.311439,9827074,192.4
2025-10-07 14:26:28.811888,9827074,192.25
2025-10-07 14:26:29.346591,9827074,191.5
2025-10-07 14:26:29.561679,9827074,192.1
2025-10-07 14:26:30.312593,9827074,191.9
2025-10-07 14:26:30.812047,9827074,192.0
2025-10-07 14:26:31.062399,9827074,192.2
2025-10-07 14:26:31.391786,9827074,192.25
2025-10-07 14:26:31.561759,9827074,192.25
2025-10-07 14:26:32.314777,9827074,191.9
2025-10-07 14:26:32.811509,9827074,192.4
2025-10-07 14:26:34.971536,9827074,191.25
2025-10-07 14:26:35.221106,9827074,191.25
2025-10-07 14:26:35.721815,9827074,191.25
2025-10-07 14:26:35.970755,9827074,190.8
2025-10-07 14:26:36.221171,9827074,190.8
2025-10-07 14:26:36.721632,9827074,190.3
2025-10-07 14:26:37.220805,9827074,190.0
2025-10-07 14:26:37.720836,9827074,191.1
2025-10-07 14:26:38.252835,9827074,190.5
2025-10-07 14:26:38.720932,9827074,190.95
2025-10-07 14:26:38.970993,9827074,191.1
2025-10-07 14:26:39.471494,9827074,191.1
2025-10-07 14:26:39.721631,9827074,191.1
2025-10-07 14:26:40.220828,9827074,192.0
2025-10-07 14:26:40.812328,9827074,191.3
2025-10-07 14:26:40.971202,9827074,191.2
2025-10-07 14:26:41.221166,9827074,190.95
2025-10-07 14:26:41.721942,9827074,191.6
2025-10-07 14:26:42.221231,9827074,192.35
2025-10-07 14:26:42.729879,9827074,192.6
2025-10-07 14:26:43.220945,9827074,191.8
2025-10-07 14:26:43.578296,9827074,192.25
2025-10-07 14:26:43.980375,9827074,192.25
2025-10-07 14:26:44.221169,9827074,191.9
2025-10-07 14:26:44.471904,9827074,191.9
2025-10-07 14:26:44.807767,9827074,191.9
2025-10-07 14:26:45.221129,9827074,191.4
2025-10-07 14:26:45.523787,9827074,191.0
2025-10-07 14:26:45.971067,9827074,190.9
2025-10-07 14:26:46.225058,9827074,191.4
2025-10-07 14:26:46.753598,9827074,191.4
2025-10-07 14:51:25.481936,9827074,156.0
2025-10-07 14:51:26.230847,9827074,157.2
2025-10-07 14:51:26.479780,9827074,157.8
2025-10-07 14:51:26.980283,9827074,156.4
2025-10-07 14:51:27.229524,9827074,155.8
2025-10-07 14:51:27.771063,9827074,155.5
2025-10-07 14:51:28.285103,9827074,156.1
2025-10-07 14:51:28.794611,9827074,156.4
2025-10-07 14:51:29.229476,9827074,155.55
2025-10-07 14:51:29.820277,9827074,155.5
2025-10-07 14:51:30.229668,9827074,155.5
2025-10-07 14:51:30.730668,9827074,155.8
2025-10-07 14:51:31.230606,9827074,156.0
2025-10-07 14:52:32.388628,9827074,149.05
2025-10-07 14:52:32.888796,9827074,149.85
2025-10-07 14:52:33.388993,9827074,149.1
2025-10-07 14:52:33.888913,9827074,149.4
2025-10-07 14:52:34.388812,9827074,149.1
2025-10-07 14:52:34.638675,9827074,149.4
2025-10-07 14:52:35.389288,9827074,149.9
2025-10-07 14:52:35.662278,9827074,149.4
2025-10-07 14:52:36.388283,9827074,149.0
2025-10-07 14:52:36.889136,9827074,149.05
2025-10-07 14:52:37.200197,9827074,148.6
2025-10-07 14:52:37.389712,9827074,149.45
2025-10-07 14:52:37.709691,9827074,149.15
2025-10-07 14:52:38.388542,9827074,149.45
2025-10-07 14:52:38.940344,9827074,149.9
2025-10-07 14:52:39.389527,9827074,149.5
2025-10-07 14:52:39.888468,9827074,149.95
2025-10-07 14:52:40.388472,9827074,149.4
2025-10-07 14:52:40.641170,9827074,149.15
2025-10-07 14:52:41.388836,9827074,149.9
2025-10-07 14:52:41.638785,9827074,149.8
2025-10-07 14:52:42.139060,9827074,150.1
2025-10-07 14:52:42.388533,9827074,150.0
2025-10-07 14:52:42.891295,9827074,150.05
2025-10-07 14:52:43.389861,9827074,149.95
2025-10-07 14:52:43.650732,9827074,149.5
2025-10-07 14:52:44.469036,9827074,147.8
2025-10-07 14:52:44.889034,9827074,148.4
2025-10-07 14:52:45.388357,9827074,147.25
2025-10-07 14:52:45.639318,9827074,147.35
2025-10-07 14:52:46.391342,9827074,147.0
2025-10-07 14:52:46.638687,9827074,146.7
2025-10-07 14:52:47.233908,9827074,146.55
2025-10-07 14:52:47.388768,9827074,146.2
2025-10-07 14:52:47.950837,9827074,147.7
2025-10-07 14:52:48.388646,9827074,147.4
2025-10-07 14:52:48.638724,9827074,147.6
2025-10-07 14:52:49.388951,9827074,147.5
2025-10-07 14:52:49.998802,9827074,147.3
2025-10-07 14:52:50.409077,9827074,147.0
2025-10-07 14:52:50.716193,9827074,147.45
2025-10-07 14:52:50.889070,9827074,146.65
2025-10-07 14:53:41.915221,9827074,141.55
2025-10-07 14:53:42.162177,9827074,141.55
2025-10-07 14:53:42.661588,9827074,141.15
2025-10-07 14:53:43.161644,9827074,140.55
2025-10-07 14:53:43.411602,9827074,140.6
2025-10-07 14:53:43.911682,9827074,140.55
2025-10-07 14:53:44.478178,9827074,140.4
2025-10-07 14:53:44.662221,9827074,140.85
2025-10-07 14:53:45.161636,9827074,140.75
2025-10-07 14:53:45.411072,9827074,141.25
2025-10-07 14:53:45.920670,9827074,141.25
2025-10-07 14:53:46.423766,9827074,141.7
2025-10-07 14:53:46.730685,9827074,142.3
2025-10-07 14:53:46.911599,9827074,142.1
2025-10-07 14:53:47.242637,9827074,141.8
2025-10-07 14:53:47.412651,9827074,141.65
2025-10-07 14:53:47.661734,9827074,141.75
2025-10-07 14:53:48.162347,9827074,143.2
2025-10-07 14:53:48.471952,9827074,143.35
2025-10-07 14:53:48.662272,9827074,144.4
2025-10-07 14:53:49.494010,9827074,144.2
2025-10-07 14:53:49.914342,9827074,144.4
2025-10-07 14:53:50.162146,9827074,145.0
2025-10-07 14:53:50.518573,9827074,145.7
2025-10-07 14:53:50.929593,9827074,145.65
2025-10-07 14:53:51.411418,9827074,146.0
2025-10-07 14:53:51.911350,9827074,145.5
2025-10-07 14:53:52.162498,9827074,145.05
2025-10-07 14:53:52.465357,9827074,144.5
2025-10-07 14:53:52.977624,9827074,144.5
2025-10-07 14:53:53.161330,9827074,144.7
2025-10-07 14:53:53.411337,9827074,144.25
2025-10-07 14:53:53.912009,9827074,143.95
2025-10-07 14:53:54.412290,9827074,143.55
2025-10-07 14:53:54.911490,9827074,143.75
2025-10-07 14:53:55.411570,9827074,143.65
2025-10-07 14:53:55.740531,9827074,143.0
2025-10-07 14:53:56.442587,9827074,142.95
2025-10-07 14:53:56.662547,9827074,142.95
2025-10-07 14:53:57.412656,9827074,143.5
2025-10-07 14:53:57.912582,9827074,143.2
2025-10-07 14:53:58.199520,9827074,142.95
2025-10-07 14:53:58.506300,9827074,142.6
2025-10-07 14:53:58.661817,9827074,142.75
2025-10-07 14:53:59.411293,9827074,142.4
2025-10-07 14:53:59.736024,9827074,141.9
2025-10-07 14:54:00.184961,9827074,141.9
2025-10-07 14:54:00.439304,9827074,141.55
2025-10-07 14:54:00.760109,9827074,141.6
2025-10-07 14:54:01.412244,9827074,141.75
2025-10-07 14:54:01.661377,9827074,141.6
2025-10-07 14:54:01.911655,9827074,141.9
2025-10-07 14:54:02.161559,9827074,142.15
2025-10-07 14:54:02.501214,9827074,142.05
2025-10-07 14:54:02.662047,9827074,141.6
2025-10-07 14:54:03.161802,9827074,140.0
2025-10-07 14:54:03.411400,9827074,139.5
2025-10-07 14:54:03.727832,9827074,139.3
2025-10-07 14:54:04.446870,9827074,138.85
2025-10-07 14:54:04.661783,9827074,139.05
2025-10-07 14:54:04.912560,9827074,139.7
2025-10-07 14:54:05.429114,9827074,139.0
2025-10-07 14:54:05.700725,9827074,139.2
2025-10-07 14:54:05.911295,9827074,138.85
2025-10-07 14:54:06.411869,9827074,140.9
2025-10-07 14:54:06.699615,9827074,140.9
2025-10-07 14:54:06.912420,9827074,140.25
2025-10-07 14:54:07.162448,9827074,140.7
2025-10-07 14:54:07.411727,9827074,140.5
2025-10-07 14:54:07.911230,9827074,140.25
2025-10-07 14:54:08.161617,9827074,138.3
2025-10-07 14:54:08.745950,9827074,137.25
2025-10-07 14:54:09.462819,9827074,136.0
2025-10-07 14:54:09.975266,9827074,137.05
2025-10-07 14:54:10.486933,9827074,137.4
2025-10-07 14:54:10.663177,9827074,136.95
2025-10-07 14:54:11.411701,9827074,138.0
2025-10-07 14:54:11.661452,9827074,138.0
2025-10-07 14:54:12.161649,9827074,138.6
2025-10-07 14:54:12.414923,9827074,139.3
2025-10-07 14:54:12.946279,9827074,139.3
2025-10-07 14:54:13.162188,9827074,138.6
2025-10-07 14:54:13.412373,9827074,139.3
2025-10-07 14:54:13.968683,9827074,138.75
2025-10-07 14:54:14.411537,9827074,137.1
2025-10-07 14:54:14.911441,9827074,137.1
2025-10-07 14:54:15.412007,9827074,137.3
2025-10-07 14:54:15.709165,9827074,136.75
2025-10-07 14:54:16.411931,9827074,137.1
2025-10-07 14:54:16.735070,9827074,136.85
2025-10-07 14:54:16.911409,9827074,136.75
2025-10-07 14:54:17.161692,9827074,136.5
2025-10-07 14:54:17.451699,9827074,137.5
2025-10-07 14:54:17.911933,9827074,138.3
2025-10-07 14:54:18.411816,9827074,138.5
2025-10-07 14:54:18.661760,9827074,138.6
2025-10-07 14:54:19.498220,9827074,137.65
2025-10-07 14:54:19.911839,9827074,138.3
2025-10-07 14:54:20.411641,9827074,138.1
2025-10-07 14:54:20.661828,9827074,138.1
2025-10-07 14:54:21.411977,9827074,138.0
2025-10-07 14:54:21.661924,9827074,138.0
2025-10-07 14:54:22.161851,9827074,138.25
2025-10-07 14:54:22.413213,9827074,138.25
2025-10-07 14:54:22.911812,9827074,137.55
2025-10-07 14:54:23.185063,9827074,137.9
2025-10-07 14:54:23.413029,9827074,138.0
2025-10-07 14:54:23.911876,9827074,137.7
2025-10-07 14:54:24.516498,9827074,138.1
2025-10-07 14:54:24.678742,9827074,138.0
2025-10-07 14:54:25.162034,9827074,139.0
2025-10-07 14:54:25.411625,9827074,138.9
2025-10-07 14:54:25.661734,9827074,138.7
2025-10-07 14:54:26.412233,9827074,138.45
2025-10-07 14:54:26.770541,9827074,138.7
2025-10-07 14:54:26.912846,9827074,138.4
2025-10-07 14:54:27.180143,9827074,138.8
2025-10-07 14:54:27.411958,9827074,138.6
2025-10-07 14:54:27.911901,9827074,138.75
2025-10-07 14:54:28.202205,9827074,139.35
2025-10-07 14:54:28.511011,9827074,138.45
2025-10-07 14:54:28.662724,9827074,138.65
2025-10-07 14:54:29.432782,9827074,139.5
2025-10-07 14:54:29.912062,9827074,140.0
2025-10-07 14:54:30.456718,9827074,140.1
2025-10-07 14:54:30.661658,9827074,140.2
2025-10-07 14:54:30.912313,9827074,140.15
2025-10-07 14:54:31.411762,9827074,140.35
2025-10-07 14:54:31.661872,9827074,139.95
2025-10-07 14:54:31.911422,9827074,139.95
2025-10-07 14:54:32.161611,9827074,139.65
2025-10-07 14:54:32.411514,9827074,139.95
2025-10-07 14:54:32.707506,9827074,139.8
2025-10-07 14:54:33.161936,9827074,140.0
2025-10-07 14:54:33.411887,9827074,140.1
2025-10-07 14:54:33.938314,9827074,140.55
2025-10-07 14:54:34.661309,9827074,140.35
2025-10-07 14:54:34.911978,9827074,139.6
2025-10-07 14:54:35.161883,9827074,139.55
2025-10-07 14:54:35.411721,9827074,139.75
2025-10-07 14:54:35.679025,9827074,139.55
2025-10-07 14:54:35.986516,9827074,139.75
2025-10-07 14:54:36.496650,9827074,140.25
2025-10-07 14:54:36.661627,9827074,139.8
2025-10-07 14:54:36.911672,9827074,140.3
2025-10-07 14:54:37.521340,9827074,139.4
2025-10-07 14:54:37.911839,9827074,139.6
2025-10-07 14:54:38.411594,9827074,140.4
2025-10-07 14:54:38.752065,9827074,140.5
2025-10-07 14:54:39.468009,9827074,140.1
2025-10-07 14:54:39.911511,9827074,139.95
2025-10-07 14:54:40.162044,9827074,140.05
2025-10-07 14:54:40.912650,9827074,140.35
2025-10-07 14:54:41.412858,9827074,140.05
2025-10-07 14:54:41.662022,9827074,139.6
2025-10-07 14:54:42.411462,9827074,139.2
2025-10-07 14:54:42.661884,9827074,139.0
2025-10-07 14:54:43.412858,9827074,139.15
2025-10-07 14:54:43.661438,9827074,139.0
2025-10-07 14:54:44.484271,9827074,138.85
2025-10-07 14:54:44.996755,9827074,138.95
2025-10-07 14:54:45.412816,9827074,139.25
2025-10-07 14:54:45.912257,9827074,139.2
2025-10-07 14:54:46.412540,9827074,138.65
2025-10-07 14:54:46.911718,9827074,138.95
2025-10-07 14:54:47.412139,9827074,139.05
2025-10-07 14:54:47.661639,9827074,139.1
2025-10-07 14:54:48.411759,9827074,138.9
2025-10-07 14:54:49.411778,9827074,139.0
2025-10-07 14:54:50.016559,9827074,139.45
2025-10-07 14:54:50.425477,9827074,138.95
2025-10-07 14:54:50.912441,9827074,139.25
2025-10-07 14:54:51.161980,9827074,139.25
2025-10-07 14:54:51.662384,9827074,139.05
2025-10-07 14:54:52.471613,9827074,139.6
2025-10-07 14:54:53.189863,9827074,139.55
2025-10-07 14:54:53.412074,9827074,139.5
2025-10-07 14:54:53.663336,9827074,139.5
2025-10-07 14:54:54.519944,9827074,139.65
2025-10-07 14:54:54.911940,9827074,139.7
2025-10-07 14:54:55.411812,9827074,140.05
2025-10-07 14:54:55.913316,9827074,140.05
2025-10-07 14:54:56.412521,9827074,139.9
2025-10-07 14:54:56.662291,9827074,140.05
2025-10-07 14:54:57.411693,9827074,140.35
2025-10-07 14:54:57.912133,9827074,139.95
2025-10-07 14:54:58.412567,9827074,138.4
2025-10-07 14:54:58.923933,9827074,139.95
2025-10-07 14:54:59.413126,9827074,139.85
2025-10-07 14:54:59.662122,9827074,140.0
2025-10-07 14:54:59.912927,9827074,139.85
2025-10-07 14:55:00.412224,9827074,139.9
2025-10-07 14:55:00.766218,9827074,139.9
2025-10-07 14:55:01.411725,9827074,140.15
2025-10-07 14:55:01.662189,9827074,139.75
2025-10-07 14:55:02.662073,9827074,139.85
2025-10-07 14:55:03.018963,9827074,139.7
2025-10-07 14:55:03.412171,9827074,139.95
2025-10-07 14:55:03.941841,9827074,139.65
2025-10-07 14:55:04.411502,9827074,139.0
2025-10-07 14:55:04.912236,9827074,138.15
2025-10-07 14:55:05.412465,9827074,138.45
2025-10-07 14:55:05.988753,9827074,138.35
2025-10-07 14:55:06.661974,9827074,137.65
2025-10-07 14:55:07.423768,9827074,138.85
2025-10-07 14:55:07.911781,9827074,138.3
2025-10-07 14:55:08.412174,9827074,138.4
2025-10-07 14:55:08.912007,9827074,138.7
2025-10-07 14:55:09.674799,9827074,139.6
2025-10-07 14:55:09.983162,9827074,139.5
2025-10-07 14:55:10.662114,9827074,139.2
2025-10-07 14:55:11.662575,9827074,139.45
2025-10-07 14:55:11.912403,9827074,139.25
2025-10-07 14:55:12.411843,9827074,139.0
2025-10-07 14:55:12.912011,9827074,138.55
2025-10-07 14:55:13.412413,9827074,138.2
2025-10-07 14:55:13.911577,9827074,138.45
2025-10-07 14:55:14.663035,9827074,137.7
2025-10-07 14:55:14.912507,9827074,136.9
2025-10-07 14:55:15.662377,9827074,138.25
2025-10-07 14:55:16.662521,9827074,137.6
2025-10-07 14:55:17.411780,9827074,138.5
2025-10-07 14:55:17.913515,9827074,138.5
2025-10-07 14:55:18.412713,9827074,137.95
2025-10-07 14:55:18.912040,9827074,138.05
2025-10-07 14:55:19.710559,9827074,138.75
2025-10-07 14:55:19.912879,9827074,138.75
2025-10-07 14:55:20.735058,9827074,139.3
2025-10-07 14:55:20.912326,9827074,139.5
2025-10-07 14:55:21.662789,9827074,139.45
2025-10-07 14:55:21.963099,9827074,139.55
2025-10-07 14:55:22.412439,9827074,139.6
2025-10-07 14:55:22.662477,9827074,139.25
2025-10-07 14:55:23.411869,9827074,138.0
2025-10-07 14:55:23.912365,9827074,138.05
2025-10-07 14:55:24.664349,9827074,137.7
2025-10-07 14:55:25.162820,9827074,137.7
2025-10-07 14:55:25.662608,9827074,138.55
2025-10-07 14:55:25.913143,9827074,138.4
2025-10-07 14:55:26.674099,9827074,138.95
2025-10-07 14:55:27.412487,9827074,138.9
2025-10-07 14:55:27.699465,9827074,138.3
2025-10-07 14:55:28.517001,9827074,137.45
2025-10-07 14:55:28.912535,9827074,137.75
2025-10-07 14:55:29.746235,9827074,138.05
2025-10-07 14:55:29.912651,9827074,138.2
2025-10-07 14:55:30.663729,9827074,137.85
2025-10-07 14:55:30.911888,9827074,138.1
2025-10-07 14:55:32.164453,9827074,137.5
2025-10-07 14:55:32.412742,9827074,137.95
2025-10-07 14:55:33.162472,9827074,137.75
2025-10-07 14:55:33.412210,9827074,137.95
2025-10-07 14:55:33.912888,9827074,137.85
2025-10-07 14:55:34.412524,9827074,137.1
2025-10-07 14:55:34.968362,9827074,136.45
2025-10-07 14:55:35.662759,9827074,136.45
2025-10-07 14:55:35.912808,9827074,136.35
2025-10-07 14:55:36.662671,9827074,136.65
2025-10-07 14:55:37.165839,9827074,137.2
2025-10-07 14:55:37.427646,9827074,136.4
2025-10-07 14:55:37.662272,9827074,136.35
2025-10-07 14:55:38.413497,9827074,137.2
2025-10-07 14:55:38.912473,9827074,137.15
2025-10-07 14:55:39.782826,9827074,137.15
2025-10-07 14:55:39.913766,9827074,137.45
2025-10-07 14:55:40.663330,9827074,137.85
2025-10-07 14:55:41.010283,9827074,137.35
2025-10-07 14:55:41.662860,9827074,138.8
2025-10-07 14:55:42.164090,9827074,138.7
2025-10-07 14:55:42.412516,9827074,138.1
2025-10-07 14:55:42.912313,9827074,138.85
2025-10-07 14:55:43.414421,9827074,139.1
2025-10-07 14:55:43.912663,9827074,140.25
2025-10-07 14:55:44.663910,9827074,140.1
2025-10-07 14:55:44.913101,9827074,142.0
2025-10-07 14:55:45.720549,9827074,142.3
2025-10-07 14:55:46.162626,9827074,142.75
2025-10-07 14:55:46.663140,9827074,141.0
2025-10-07 14:55:46.912208,9827074,141.85
2025-10-07 14:55:47.412537,9827074,142.15
2025-10-07 14:55:47.912356,9827074,142.2
2025-10-07 14:55:48.162457,9827074,141.3
2025-10-07 14:55:48.662791,9827074,141.6
2025-10-07 14:55:48.997117,9827074,140.75
2025-10-07 14:55:49.662715,9827074,141.3
2025-10-07 14:55:49.914055,9827074,141.0
2025-10-07 14:55:50.663092,9827074,141.05
2025-10-07 14:55:50.942785,9827074,141.05
2025-10-07 14:55:51.662777,9827074,142.15
2025-10-07 14:55:51.967209,9827074,142.35
2025-10-07 14:55:52.162340,9827074,142.25
2025-10-07 14:55:52.683687,9827074,142.6
2025-10-07 14:55:52.990769,9827074,142.35
2025-10-07 14:55:53.162554,9827074,142.85
2025-10-07 14:55:53.412293,9827074,142.3
2025-10-07 14:55:54.220500,9827074,142.05
2025-10-07 14:55:54.662684,9827074,141.05
2025-10-07 14:55:54.912691,9827074,141.85
2025-10-07 14:55:55.662879,9827074,141.1
2025-10-07 14:55:56.663383,9827074,141.0
2025-10-07 14:55:56.911941,9827074,140.85
2025-10-07 14:55:57.162394,9827074,140.75
2025-10-07 14:55:57.412202,9827074,141.05
2025-10-07 14:55:58.214243,9827074,140.8
2025-10-07 14:55:58.662992,9827074,140.4
2025-10-07 14:55:59.162507,9827074,140.2
2025-10-07 14:55:59.749845,9827074,140.55
2025-10-07 14:56:00.163919,9827074,140.9
2025-10-07 14:56:00.671490,9827074,140.6
2025-10-07 14:56:01.412390,9827074,141.05
2025-10-07 14:56:01.662445,9827074,141.45
2025-10-07 14:56:02.004489,9827074,142.0
2025-10-07 14:56:02.163465,9827074,141.3
2025-10-07 14:56:02.663037,9827074,141.3
2025-10-07 14:56:03.174913,9827074,141.6
2025-10-07 14:56:03.662556,9827074,142.05
2025-10-07 14:56:03.912711,9827074,142.6
2025-10-07 14:56:04.662444,9827074,142.9
2025-10-07 14:56:04.911929,9827074,142.65
2025-10-07 14:56:05.688776,9827074,142.0
2025-10-07 14:56:05.913540,9827074,141.95
2025-10-07 14:56:06.663426,9827074,141.9
2025-10-07 14:56:06.910830,9827074,141.9
2025-10-07 14:56:07.160758,9827074,142.0
2025-10-07 14:56:07.659970,9827074,142.45
2025-10-07 14:56:07.940563,9827074,142.6
2025-10-07 14:56:08.159743,9827074,142.25
2025-10-07 14:56:08.659663,9827074,142.1
2025-10-07 14:56:08.911450,9827074,142.2
2025-10-07 14:56:09.658659,9827074,141.05
2025-10-07 14:56:09.908102,9827074,142.0
2025-10-07 14:56:10.702434,9827074,142.7
2025-10-07 14:56:11.157599,9827074,142.4
2025-10-07 14:56:11.406417,9827074,142.4
2025-10-07 14:56:11.906839,9827074,142.15
2025-10-07 14:56:12.156758,9827074,142.25
2025-10-07 14:56:12.656232,9827074,141.95
2025-10-07 14:56:12.905841,9827074,141.75
2025-10-07 14:56:13.156781,9827074,140.75
2025-10-07 14:56:13.669163,9827074,140.2
2025-10-07 14:56:14.154848,9827074,139.05
2025-10-07 14:56:14.693659,9827074,139.2
2025-10-07 14:56:15.154876,9827074,139.2
2025-10-07 14:56:15.404175,9827074,139.55
2025-10-07 14:56:16.153959,9827074,140.0
2025-10-07 14:56:16.739276,9827074,140.55
2025-10-07 14:56:17.154054,9827074,141.2
2025-10-07 14:56:17.653542,9827074,140.9
2025-10-07 14:56:17.903067,9827074,140.4
2025-10-07 14:56:18.651983,9827074,140.2
2025-10-07 14:56:18.903029,9827074,140.45
2025-10-07 14:56:19.652346,9827074,140.35
2025-10-07 14:56:19.901569,9827074,140.5
2025-10-07 14:56:20.730797,9827074,141.0
2025-10-07 14:56:20.901719,9827074,141.45
2025-10-07 14:56:21.401089,9827074,141.05
2025-10-07 14:56:22.163866,9827074,142.2
2025-10-07 14:56:22.650904,9827074,142.2
2025-10-07 14:56:22.983344,9827074,142.2
2025-10-07 14:56:23.150322,9827074,142.35
2025-10-07 14:56:23.650921,9827074,142.15
2025-10-07 14:56:23.904956,9827074,141.55
2025-10-07 14:56:24.724379,9827074,141.5
2025-10-07 14:56:25.151623,9827074,141.4
2025-10-07 14:56:25.747004,9827074,141.65
2025-10-07 14:56:25.899205,9827074,141.9
2025-10-07 14:56:26.668543,9827074,142.15
2025-10-07 14:56:26.975457,9827074,142.15
2025-10-07 14:56:27.149773,9827074,142.4
2025-10-07 14:56:27.691736,9827074,142.4
2025-10-07 14:56:27.898919,9827074,142.15
2025-10-07 14:56:28.204674,9827074,142.15
2025-10-07 14:56:28.718079,9827074,142.2
2025-10-07 14:56:28.899093,9827074,142.2
2025-10-07 14:56:29.648777,9827074,142.45
2025-10-07 14:56:29.899498,9827074,141.85
2025-10-07 14:56:30.648565,9827074,141.65
2025-10-07 14:56:30.898613,9827074,141.45
2025-10-07 14:56:31.648873,9827074,140.0
2025-10-07 14:56:31.991666,9827074,139.85
2025-10-07 14:56:32.150322,9827074,139.45
2025-10-07 14:56:32.710433,9827074,139.55
2025-10-07 14:56:32.898332,9827074,139.65
2025-10-07 14:56:33.221451,9827074,139.15
2025-10-07 14:56:33.734154,9827074,139.95
2025-10-07 14:56:34.214002,9827074,140.05
2025-10-07 14:56:34.758009,9827074,139.35
2025-10-07 14:56:34.897692,9827074,139.65
2025-10-07 14:56:35.650595,9827074,140.05
2025-10-07 14:56:35.897541,9827074,139.95
2025-10-07 14:56:36.647702,9827074,139.65
2025-10-07 14:56:36.907665,9827074,139.6
2025-10-07 14:56:37.147357,9827074,139.9
2025-10-07 14:56:37.725268,9827074,139.9
2025-10-07 14:56:37.899409,9827074,139.95
2025-10-07 14:56:38.237530,9827074,138.15
2025-10-07 14:56:38.647610,9827074,138.15
2025-10-07 14:56:38.896713,9827074,137.9
2025-10-07 14:56:39.647598,9827074,137.75
2025-10-07 14:56:39.896967,9827074,138.05
2025-10-07 14:56:40.696386,9827074,138.3
2025-10-07 14:56:40.896009,9827074,138.2
2025-10-07 14:56:41.646729,9827074,138.75
2025-10-07 14:56:42.146236,9827074,138.65
2025-10-07 14:56:42.647141,9827074,138.8
2025-10-07 14:56:42.896718,9827074,139.65
2025-10-07 14:56:43.254472,9827074,139.85
2025-10-07 14:56:43.663785,9827074,139.75
2025-10-07 14:56:43.896449,9827074,140.1
2025-10-07 14:56:44.689892,9827074,140.0
2025-10-07 14:56:44.898858,9827074,139.9
2025-10-07 14:56:45.146743,9827074,139.8
2025-10-07 14:56:46.148566,9827074,139.95
2025-10-07 14:56:46.428420,9827074,139.8
2025-10-07 14:56:46.735719,9827074,139.7
2025-10-07 14:56:46.896578,9827074,140.0
2025-10-07 14:56:47.396372,9827074,139.85
2025-10-07 14:56:47.896664,9827074,140.0
2025-10-07 14:56:48.476555,9827074,139.55
2025-10-07 14:56:48.896111,9827074,139.55
2025-10-07 14:56:49.646423,9827074,139.25
2025-10-07 14:56:49.911014,9827074,139.3
2025-10-07 14:56:50.646086,9827074,138.8
2025-10-07 14:56:50.896113,9827074,138.4
2025-10-07 14:56:51.651462,9827074,138.0
2025-10-07 14:56:51.897971,9827074,138.0
2025-10-07 14:56:52.395925,9827074,137.85
2025-10-07 14:56:52.896973,9827074,138.3
2025-10-07 14:56:53.396114,9827074,137.85
2025-10-07 14:56:53.896664,9827074,138.3
2025-10-07 14:56:54.395667,9827074,138.3
2025-10-07 14:56:54.722571,9827074,138.55
2025-10-07 14:56:54.895551,9827074,138.15
2025-10-07 14:56:55.646947,9827074,138.25
2025-10-07 14:56:55.896271,9827074,137.75
2025-10-07 14:56:56.667693,9827074,138.3
2025-10-07 14:56:56.896036,9827074,139.15
2025-10-07 14:56:57.395647,9827074,139.45
2025-10-07 14:56:58.145671,9827074,139.2
2025-10-07 14:56:58.395780,9827074,139.15
2025-10-07 14:56:58.716433,9827074,139.15
2025-10-07 14:56:58.896167,9827074,139.05
2025-10-07 14:56:59.229578,9827074,139.05
2025-10-07 14:56:59.740283,9827074,139.0
2025-10-07 14:56:59.895863,9827074,138.85
2025-10-07 14:57:00.664061,9827074,139.15
2025-10-07 14:57:00.969746,9827074,139.15
2025-10-07 14:57:01.646026,9827074,138.65
2025-10-07 14:57:01.993089,9827074,138.6
2025-10-07 14:57:02.403840,9827074,138.2
2025-10-07 14:57:02.645752,9827074,138.55
2025-10-07 14:57:02.895776,9827074,137.0
2025-10-07 14:57:03.397932,9827074,134.0
2025-10-07 14:57:03.733884,9827074,134.45
2025-10-07 14:57:03.895291,9827074,134.55
2025-10-07 14:57:04.247245,9827074,134.7
2025-10-07 14:57:04.655231,9827074,134.8
2025-10-07 14:57:04.962408,9827074,136.75
2025-10-07 14:57:05.646208,9827074,136.35
2025-10-07 14:57:05.986043,9827074,136.25
2025-10-07 14:57:06.645714,9827074,136.0
2025-10-07 14:57:06.897593,9827074,135.7
2025-10-07 14:57:07.395735,9827074,136.0
2025-10-07 14:57:07.895563,9827074,136.55
2025-10-07 14:57:08.896529,9827074,136.7
2025-10-07 14:57:09.673682,9827074,136.55
2025-10-07 14:57:09.980169,9827074,137.0
2025-10-07 14:57:10.697041,9827074,136.8
2025-10-07 14:57:10.895099,9827074,136.75
2025-10-07 14:57:11.647614,9827074,136.55
2025-10-07 14:57:11.925234,9827074,136.4
2025-10-07 14:57:12.438907,9827074,136.0
2025-10-07 14:57:12.646021,9827074,135.95
2025-10-07 14:57:12.949532,9827074,136.9
2025-10-07 14:57:13.395091,9827074,136.9
2025-10-07 14:57:13.645341,9827074,136.75
2025-10-07 14:57:13.897774,9827074,137.0
2025-10-07 14:57:14.145841,9827074,137.15
2025-10-07 14:57:14.646378,9827074,137.2
2025-10-07 14:57:14.895507,9827074,137.75
2025-10-07 14:57:15.716348,9827074,137.1
2025-10-07 14:57:15.895680,9827074,137.65
2025-10-07 14:57:16.739842,9827074,137.7
2025-10-07 14:57:16.895501,9827074,137.95
2025-10-07 14:57:17.397403,9827074,137.65
2025-10-07 14:57:17.645410,9827074,137.3
2025-10-07 14:57:17.895810,9827074,137.6
2025-10-07 14:57:18.479348,9827074,137.8
2025-10-07 14:57:18.896912,9827074,137.75
2025-10-07 14:57:19.198061,9827074,137.95
2025-10-07 14:57:19.647210,9827074,138.0
2025-10-07 14:57:20.145785,9827074,138.45
2025-10-07 14:57:20.732148,9827074,137.75
2025-10-07 14:57:20.896594,9827074,137.7
2025-10-07 14:57:21.645725,9827074,138.0
2025-10-07 14:57:21.961193,9827074,137.9
2025-10-07 14:57:22.395463,9827074,138.0
2025-10-07 14:57:22.986304,9827074,138.15
2025-10-07 14:57:23.395865,9827074,138.05
2025-10-07 14:57:23.908257,9827074,138.2
2025-10-07 14:57:24.146254,9827074,137.85
2025-10-07 14:57:24.725532,9827074,138.35
2025-10-07 14:57:24.896279,9827074,139.0
2025-10-07 14:57:25.145471,9827074,138.9
2025-10-07 14:57:25.653533,9827074,138.3
2025-10-07 14:57:25.896076,9827074,138.9
2025-10-07 14:57:26.671890,9827074,139.4
2025-10-07 14:57:26.895728,9827074,139.35
2025-10-07 14:57:27.395406,9827074,139.15
2025-10-07 14:57:28.004265,9827074,137.8
2025-10-07 14:57:28.412471,9827074,138.05
2025-10-07 14:57:28.719451,9827074,138.15
2025-10-07 14:57:29.145795,9827074,138.1
2025-10-07 14:57:29.645008,9827074,138.35
2025-10-07 14:57:29.895544,9827074,138.1
2025-10-07 14:57:30.679138,9827074,138.6
2025-10-07 14:57:30.895478,9827074,139.0
2025-10-07 14:57:31.646268,9827074,138.65
2025-10-07 14:57:31.895887,9827074,139.25
2025-10-07 14:57:32.398210,9827074,139.35
2025-10-07 14:57:32.896203,9827074,139.25
2025-10-07 14:57:33.429527,9827074,139.8
2025-10-07 14:57:33.895416,9827074,139.65
2025-10-07 14:57:34.453870,9827074,139.8
2025-10-07 14:57:34.965731,9827074,139.0
2025-10-07 14:57:35.645796,9827074,138.75
2025-10-07 14:57:35.955571,9827074,139.7
2025-10-07 14:57:36.646313,9827074,138.95
2025-10-07 14:57:36.897706,9827074,138.45
2025-10-07 14:57:37.424446,9827074,138.35
2025-10-07 14:57:37.895213,9827074,138.4
2025-10-07 14:57:38.395759,9827074,138.2
2025-10-07 14:57:38.896637,9827074,138.35
2025-10-07 14:57:39.164389,9827074,138.35
2025-10-07 14:57:39.676292,9827074,138.45
2025-10-07 14:57:40.145286,9827074,138.35
2025-10-07 14:57:40.700273,9827074,139.55
2025-10-07 14:57:40.895423,9827074,139.55
2025-10-07 14:57:41.647406,9827074,139.65
2025-10-07 14:57:41.928840,9827074,139.65
2025-10-07 14:57:42.395200,9827074,139.9
2025-10-07 14:57:42.645723,9827074,139.9
2025-10-07 14:57:42.895327,9827074,139.65
2025-10-07 14:57:43.395585,9827074,139.75
2025-10-07 14:57:43.645636,9827074,139.75
2025-10-07 14:57:44.144972,9827074,139.65
2025-10-07 14:57:44.694330,9827074,139.65
2025-10-07 14:57:44.895805,9827074,138.95
2025-10-07 14:57:45.645861,9827074,139.05
2025-10-07 14:57:45.922437,9827074,139.05
2025-10-07 14:57:46.645544,9827074,138.95
2025-10-07 14:57:46.896550,9827074,138.95
2025-10-07 14:57:47.397798,9827074,138.95
2025-10-07 14:57:47.646001,9827074,138.65
2025-10-07 14:57:48.145687,9827074,139.4
2025-10-07 14:57:48.395405,9827074,139.5
2025-10-07 14:57:48.646220,9827074,139.5
2025-10-07 14:57:48.895576,9827074,139.75
2025-10-07 14:57:49.711641,9827074,138.9
2025-10-07 14:57:50.735821,9827074,140.3
2025-10-07 14:57:50.896359,9827074,140.05
2025-10-07 14:57:51.656998,9827074,140.2
2025-10-07 14:57:51.964382,9827074,140.0
2025-10-07 14:57:52.477992,9827074,140.2
2025-10-07 14:57:52.645621,9827074,140.45
2025-10-07 14:57:53.147907,9827074,139.45
2025-10-07 14:57:53.395584,9827074,138.6
2025-10-07 14:57:53.645455,9827074,138.6
2025-10-07 14:57:53.895439,9827074,139.2
2025-10-07 14:57:54.646280,9827074,138.6
2025-10-07 14:57:54.896150,9827074,139.25
2025-10-07 14:57:55.753828,9827074,139.1
2025-10-07 14:57:55.895277,9827074,138.55
2025-10-07 14:57:56.676548,9827074,140.2
2025-10-07 14:57:56.895623,9827074,140.15
2025-10-07 14:57:57.396101,9827074,140.65
2025-10-07 14:57:57.896115,9827074,140.4
2025-10-07 14:57:58.415486,9827074,140.6
2025-10-07 14:57:58.645765,9827074,140.6
2025-10-07 14:57:58.927551,9827074,141.1
2025-10-07 14:57:59.750190,9827074,140.8
2025-10-07 14:58:00.148832,9827074,140.45
2025-10-07 14:58:00.668607,9827074,140.65
2025-10-07 14:58:00.976271,9827074,140.1
2025-10-07 14:58:01.645950,9827074,139.95
2025-10-07 14:58:01.897149,9827074,140.15
2025-10-07 14:58:02.399029,9827074,140.15
2025-10-07 14:58:02.646043,9827074,140.4
2025-10-07 14:58:03.145686,9827074,140.4
2025-10-07 14:58:03.398219,9827074,140.35
2025-10-07 14:58:03.945542,9827074,140.9
2025-10-07 14:58:04.662385,9827074,140.25
2025-10-07 14:58:04.969708,9827074,140.4
2025-10-07 14:58:05.685892,9827074,140.15
2025-10-07 14:58:06.198367,9827074,140.5
2025-10-07 14:58:06.646095,9827074,140.0
2025-10-07 14:58:07.395368,9827074,139.85
2025-10-07 14:58:08.248462,9827074,140.4
2025-10-07 14:58:08.645988,9827074,140.4
2025-10-07 14:58:08.917477,9827074,140.4
2025-10-07 14:58:09.680172,9827074,140.9
2025-10-07 14:58:09.896029,9827074,140.85
2025-10-07 14:58:10.645426,9827074,141.2
2025-10-07 14:58:10.895399,9827074,141.5
2025-10-07 14:58:11.648874,9827074,141.75
2025-10-07 14:58:12.146091,9827074,141.8
2025-10-07 14:58:12.395493,9827074,141.55
2025-10-07 14:58:12.898233,9827074,141.4
2025-10-07 14:58:13.396163,9827074,141.4
2025-10-07 14:58:13.646157,9827074,141.35
2025-10-07 14:58:13.980643,9827074,141.55
2025-10-07 14:58:14.493419,9827074,141.4
2025-10-07 14:58:14.904343,9827074,141.6
2025-10-07 14:58:15.395488,9827074,141.15
2025-10-07 14:58:15.895881,9827074,140.85
2025-10-07 14:58:16.645803,9827074,140.45
2025-10-07 14:58:16.951703,9827074,140.55
2025-10-07 14:58:17.462980,9827074,140.35
2025-10-07 14:58:17.645810,9827074,140.15
2025-10-07 14:58:18.145291,9827074,138.4
2025-10-07 14:58:18.647038,9827074,138.5
2025-10-07 14:58:18.895464,9827074,138.6
2025-10-07 14:58:19.646441,9827074,139.4
2025-10-07 14:58:19.895801,9827074,139.65
2025-10-07 14:58:20.646217,9827074,140.0
2025-10-07 14:58:21.149120,9827074,141.1
2025-10-07 14:58:21.646028,9827074,140.5
2025-10-07 14:58:21.896175,9827074,140.7
2025-10-07 14:58:22.479889,9827074,140.95
2025-10-07 14:58:22.646093,9827074,140.8
2025-10-07 14:58:22.991882,9827074,141.25
2025-10-07 14:58:23.395923,9827074,140.8
2025-10-07 14:58:23.646779,9827074,141.0
2025-10-07 14:58:23.895927,9827074,141.25
2025-10-07 14:58:24.735624,9827074,141.45
2025-10-07 14:58:25.145876,9827074,142.0
2025-10-07 14:58:25.759722,9827074,142.0
2025-10-07 14:58:25.896228,9827074,142.5
2025-10-07 14:58:26.678309,9827074,142.0
2025-10-07 14:58:26.986467,9827074,142.55
2025-10-07 14:58:27.498058,9827074,142.65
2025-10-07 14:58:27.646585,9827074,142.3
2025-10-07 14:58:27.898879,9827074,142.15
2025-10-07 14:58:28.727892,9827074,141.85
2025-10-07 14:58:29.239360,9827074,140.8
2025-10-07 14:58:29.750851,9827074,140.55
2025-10-07 14:58:29.895680,9827074,140.85
2025-10-07 14:58:30.672443,9827074,140.5
2025-10-07 14:58:30.896300,9827074,140.5
2025-10-07 14:58:31.646942,9827074,139.85
2025-10-07 14:58:31.895359,9827074,140.0
2025-10-07 14:58:32.413120,9827074,140.2
2025-10-07 14:58:32.720585,9827074,140.5
2025-10-07 14:58:32.896189,9827074,140.6
2025-10-07 14:58:33.234488,9827074,140.4
2025-10-07 14:58:33.645644,9827074,141.25
2025-10-07 14:58:34.146061,9827074,141.1
2025-10-07 14:58:34.666650,9827074,140.25
2025-10-07 14:58:34.973269,9827074,140.35
2025-10-07 14:58:35.645966,9827074,140.25
2025-10-07 14:58:36.145377,9827074,140.1
2025-10-07 14:58:36.646239,9827074,140.4
2025-10-07 14:58:36.895532,9827074,140.4
2025-10-07 14:58:37.431924,9827074,140.8
2025-10-07 14:58:37.645508,9827074,140.8
2025-10-07 14:58:38.145933,9827074,141.35
2025-10-07 14:58:38.646357,9827074,141.5
2025-10-07 14:58:39.145797,9827074,141.6
2025-10-07 14:58:39.645540,9827074,141.9
2025-10-07 14:58:39.895567,9827074,141.2
2025-10-07 14:58:40.709369,9827074,141.1
2025-10-07 14:58:41.147087,9827074,141.55
2025-10-07 14:58:41.646205,9827074,141.0
2025-10-07 14:58:42.145787,9827074,141.3
2025-10-07 14:58:42.395805,9827074,140.9
2025-10-07 14:58:42.895733,9827074,139.65
2025-10-07 14:58:43.146142,9827074,139.55
2025-10-07 14:58:43.677009,9827074,139.9
2025-10-07 14:58:43.984629,9827074,139.8
2025-10-07 14:58:44.701764,9827074,139.55
2025-10-07 14:58:44.895737,9827074,139.4
2025-10-07 14:58:45.396235,9827074,139.4
2025-10-07 14:58:45.929824,9827074,138.4
2025-10-07 14:58:46.646730,9827074,139.1
2025-10-07 14:58:46.896120,9827074,139.15
2025-10-07 14:58:47.396204,9827074,139.2
2025-10-07 14:58:47.648747,9827074,138.65
2025-10-07 14:58:48.146668,9827074,138.9
2025-10-07 14:58:48.695725,9827074,138.85
2025-10-07 14:58:48.896123,9827074,138.6
2025-10-07 14:58:49.720215,9827074,138.5
2025-10-07 14:58:50.145652,9827074,138.9
2025-10-07 14:58:50.646432,9827074,138.9
2025-10-07 14:58:50.895812,9827074,138.6
2025-10-07 14:58:51.665598,9827074,139.95
2025-10-07 14:58:51.973177,9827074,139.95
2025-10-07 14:58:52.688742,9827074,139.9
2025-10-07 14:58:52.895609,9827074,139.9
2025-10-07 14:58:53.399686,9827074,139.7
2025-10-07 14:58:53.645988,9827074,140.05
2025-10-07 14:58:54.145643,9827074,139.75
2025-10-07 14:58:54.737221,9827074,139.35
2025-10-07 14:58:55.146159,9827074,139.55
2025-10-07 14:58:55.645999,9827074,139.55
2025-10-07 14:58:55.895709,9827074,140.0
2025-10-07 14:58:56.647054,9827074,140.25
2025-10-07 14:58:56.990899,9827074,140.25
2025-10-07 14:58:57.503469,9827074,140.25
2025-10-07 14:58:57.896072,9827074,140.25
2025-10-07 14:58:58.424373,9827074,140.25
2025-10-07 14:58:58.731180,9827074,140.25
2025-10-07 14:58:58.896260,9827074,140.25
2025-10-07 14:58:59.645776,9827074,140.9
2025-10-07 14:59:00.146913,9827074,140.4
2025-10-07 14:59:00.645689,9827074,140.4
2025-10-07 14:59:00.985344,9827074,140.4
2025-10-07 14:59:01.646402,9827074,141.3
2025-10-07 14:59:01.906401,9827074,141.65
2025-10-07 14:59:02.646777,9827074,142.5
2025-10-07 14:59:02.895601,9827074,145.5
2025-10-07 14:59:03.396386,9827074,146.7
2025-10-07 14:59:03.895473,9827074,146.4
2025-10-07 14:59:04.665641,9827074,146.25
2025-10-07 14:59:05.174101,9827074,144.45
2025-10-07 14:59:05.646180,9827074,143.25
2025-10-07 14:59:06.001657,9827074,143.75
2025-10-07 14:59:06.646221,9827074,144.0
2025-10-07 14:59:06.895500,9827074,144.25
2025-10-07 14:59:07.646734,9827074,144.85
2025-10-07 14:59:07.896384,9827074,144.2
2025-10-07 14:59:08.398930,9827074,143.9
2025-10-07 14:59:08.647072,9827074,143.25
2025-10-07 14:59:08.895910,9827074,143.4
2025-10-07 14:59:09.646859,9827074,144.4
2025-10-07 14:59:10.146364,9827074,144.3
2025-10-07 14:59:10.711765,9827074,145.4
2025-10-07 14:59:10.895647,9827074,145.1
2025-10-07 14:59:11.646075,9827074,145.5
2025-10-07 14:59:11.940819,9827074,145.95
2025-10-07 14:59:12.396191,9827074,146.05
2025-10-07 14:59:12.646263,9827074,145.7
2025-10-07 14:59:13.166581,9827074,145.1
2025-10-07 14:59:13.396215,9827074,145.75
2025-10-07 14:59:13.646423,9827074,144.95
2025-10-07 14:59:13.896186,9827074,145.1
2025-10-07 14:59:14.705259,9827074,144.65
2025-10-07 14:59:14.895965,9827074,144.05
2025-10-07 14:59:15.730920,9827074,143.75
2025-10-07 14:59:15.896933,9827074,143.5
2025-10-07 14:59:16.395649,9827074,142.8
2025-10-07 14:59:16.895738,9827074,142.8
2025-10-07 14:59:17.145764,9827074,142.9
2025-10-07 14:59:17.646858,9827074,143.0
2025-10-07 14:59:17.896025,9827074,143.2
2025-10-07 14:59:18.493591,9827074,143.0
2025-10-07 14:59:18.646285,9827074,143.2
2025-10-07 14:59:18.900128,9827074,143.3
2025-10-07 14:59:19.646535,9827074,143.1
2025-10-07 14:59:19.927384,9827074,143.3
2025-10-07 14:59:20.645612,9827074,142.65
2025-10-07 14:59:20.896194,9827074,143.0
2025-10-07 14:59:21.147995,9827074,141.6
2025-10-07 14:59:21.646229,9827074,141.6
2025-10-07 14:59:21.897224,9827074,142.1
2025-10-07 14:59:22.646319,9827074,143.3
2025-10-07 14:59:22.896608,9827074,143.15
2025-10-07 14:59:23.396484,9827074,142.8
2025-10-07 14:59:23.719868,9827074,142.7
2025-10-07 14:59:24.146931,9827074,142.9
2025-10-07 14:59:24.741968,9827074,142.9
2025-10-07 14:59:25.661895,9827074,142.3
2025-10-07 14:59:25.898858,9827074,142.7
2025-10-07 14:59:26.686815,9827074,142.9
2025-10-07 14:59:26.920267,9827074,143.4
2025-10-07 14:59:27.660199,9827074,144.0
2025-10-07 14:59:28.192505,9827074,144.7
2025-10-07 14:59:28.901856,9827074,145.3
2025-10-07 14:59:29.256857,9827074,145.3
2025-10-07 14:59:29.433887,9827074,145.2
2025-10-07 14:59:29.967638,9827074,145.35
2025-10-07 14:59:30.146392,9827074,145.85
2025-10-07 14:59:30.647300,9827074,144.75
2025-10-07 14:59:30.895804,9827074,144.75
2025-10-07 14:59:31.146791,9827074,144.4
2025-10-07 14:59:31.395655,9827074,144.45
2025-10-07 14:59:32.146358,9827074,144.5
2025-10-07 14:59:32.647125,9827074,144.85
2025-10-07 14:59:32.899480,9827074,144.1
2025-10-07 14:59:33.395501,9827074,143.6
2025-10-07 14:59:33.751437,9827074,144.25
2025-10-07 14:59:34.646053,9827074,143.9
2025-10-07 14:59:34.896076,9827074,145.15
2025-10-07 14:59:35.148327,9827074,144.9
2025-10-07 14:59:35.699042,9827074,145.25
2025-10-07 14:59:35.896676,9827074,145.8
2025-10-07 14:59:36.721269,9827074,146.2
2025-10-07 14:59:36.896066,9827074,145.4
2025-10-07 14:59:37.646735,9827074,145.7
2025-10-07 14:59:37.896241,9827074,144.85
2025-10-07 14:59:38.462110,9827074,144.2
2025-10-07 14:59:38.649315,9827074,144.5
2025-10-07 14:59:38.896459,9827074,145.6
2025-10-07 14:59:39.178879,9827074,145.6
2025-10-07 14:59:39.690640,9827074,145.2
2025-10-07 14:59:40.147855,9827074,145.65
2025-10-07 14:59:40.696241,9827074,145.2
2025-10-07 14:59:41.146975,9827074,145.15
2025-10-07 14:59:41.646135,9827074,144.7
2025-10-07 14:59:42.151090,9827074,145.2
2025-10-07 14:59:42.395334,9827074,145.1
2025-10-07 14:59:42.969664,9827074,145.0
2025-10-07 14:59:43.398233,9827074,144.25
2025-10-07 14:59:43.684737,9827074,144.2
2025-10-07 14:59:43.895872,9827074,143.95
2025-10-07 14:59:44.396110,9827074,144.2
2025-10-07 14:59:45.146025,9827074,143.6
2025-10-07 14:59:45.732653,9827074,143.7
2025-10-07 14:59:45.896620,9827074,143.4
2025-10-07 14:59:46.646238,9827074,143.3
2025-10-07 14:59:47.166857,9827074,142.8
2025-10-07 14:59:47.473210,9827074,142.5
2025-10-07 14:59:48.146656,9827074,142.3
2025-10-07 14:59:48.397226,9827074,142.35
2025-10-07 14:59:48.703256,9827074,142.15
2025-10-07 14:59:49.145409,9827074,141.4
2025-10-07 14:59:49.728287,9827074,141.7
2025-10-07 14:59:49.903601,9827074,141.85
2025-10-07 14:59:50.718755,9827074,139.45
2025-10-07 14:59:50.897259,9827074,139.65
2025-10-07 14:59:51.673669,9827074,138.1
2025-10-07 14:59:51.895990,9827074,137.3
2025-10-07 14:59:52.491240,9827074,137.9
2025-10-07 14:59:52.649939,9827074,138.15
2025-10-07 14:59:53.004982,9827074,137.5
2025-10-07 14:59:53.396991,9827074,138.7
2025-10-07 14:59:53.926723,9827074,138.45
2025-10-07 14:59:54.646342,9827074,139.3
2025-10-07 14:59:54.897092,9827074,139.6
2025-10-07 14:59:55.646114,9827074,140.3
2025-10-07 14:59:55.972687,9827074,140.0
2025-10-07 14:59:56.645498,9827074,139.85
2025-10-07 14:59:56.895899,9827074,139.95
2025-10-07 14:59:57.407840,9827074,139.0
2025-10-07 14:59:57.646126,9827074,139.3
2025-10-07 14:59:58.225742,9827074,137.9
2025-10-07 14:59:58.399713,9827074,138.0
2025-10-07 14:59:58.645528,9827074,137.45
2025-10-07 14:59:58.895826,9827074,137.15
2025-10-07 14:59:59.250423,9827074,136.0
2025-10-07 14:59:59.647005,9827074,136.05
2025-10-07 14:59:59.896285,9827074,136.25
2025-10-07 15:00:00.683744,9827074,136.55
2025-10-07 15:00:00.992029,9827074,137.25
2025-10-07 15:00:01.396331,9827074,136.9
2025-10-07 15:00:01.899790,9827074,136.0
2025-10-07 15:00:02.396025,9827074,136.0
2025-10-07 15:00:02.646881,9827074,137.3
2025-10-07 15:00:03.448858,9827074,134.85
2025-10-07 15:00:03.896503,9827074,135.0
2025-10-07 15:00:04.146408,9827074,134.55
2025-10-07 15:00:04.645971,9827074,135.4
2025-10-07 15:00:04.895990,9827074,134.75
2025-10-07 15:00:05.646731,9827074,135.25
2025-10-07 15:00:05.907540,9827074,135.8
2025-10-07 15:00:06.646606,9827074,135.75
2025-10-07 15:00:06.897112,9827074,136.0
2025-10-07 15:00:07.146482,9827074,135.9
2025-10-07 15:00:07.443620,9827074,134.4
2025-10-07 15:00:07.646779,9827074,135.1
2025-10-07 15:00:08.146729,9827074,135.65
2025-10-07 15:00:08.396174,9827074,135.05
2025-10-07 15:00:08.646147,9827074,135.15
2025-10-07 15:00:08.899745,9827074,135.75
2025-10-07 15:00:09.146126,9827074,135.25
2025-10-07 15:00:09.896700,9827074,132.4
2025-10-07 15:00:10.718262,9827074,130.7
2025-10-07 15:00:10.895662,9827074,130.6
2025-10-07 15:00:11.150047,9827074,129.4
2025-10-07 15:00:11.646308,9827074,128.5
2025-10-07 15:00:12.146301,9827074,128.4
2025-10-07 15:00:12.647414,9827074,127.45
2025-10-07 15:00:12.897035,9827074,127.05
2025-10-07 15:00:13.396538,9827074,126.9
2025-10-07 15:00:13.895809,9827074,128.85
2025-10-07 15:00:14.201413,9827074,128.9
2025-10-07 15:00:14.713622,9827074,129.25
2025-10-07 15:00:14.897397,9827074,128.95
2025-10-07 15:00:15.146113,9827074,128.8
2025-10-07 15:00:15.737960,9827074,128.85
2025-10-07 15:00:15.896610,9827074,128.7
2025-10-07 15:00:16.895825,9827074,127.6
2025-10-07 15:00:17.477131,9827074,128.0
2025-10-07 15:00:17.646024,9827074,127.75
2025-10-07 15:00:17.895848,9827074,127.05
2025-10-07 15:00:18.395614,9827074,125.85
2025-10-07 15:00:18.708134,9827074,126.15
2025-10-07 15:00:18.896289,9827074,126.45
2025-10-07 15:00:19.146041,9827074,126.4
2025-10-07 15:00:19.646184,9827074,125.25
2025-10-07 15:00:19.896035,9827074,124.2
2025-10-07 15:00:20.647596,9827074,124.3
2025-10-07 15:00:21.146186,9827074,125.0
2025-10-07 15:00:21.650356,9827074,124.9
2025-10-07 15:00:21.896332,9827074,126.15
2025-10-07 15:00:22.395949,9827074,126.35
2025-10-07 15:00:22.646581,9827074,126.15
2025-10-07 15:00:22.896318,9827074,125.6
2025-10-07 15:00:23.416928,9827074,125.45
2025-10-07 15:00:23.724330,9827074,126.0
2025-10-07 15:00:23.899968,9827074,125.9
2025-10-07 15:00:24.146004,9827074,126.2
2025-10-07 15:00:24.646649,9827074,126.0
2025-10-07 15:00:24.896226,9827074,126.1
2025-10-07 15:00:25.646757,9827074,126.1
2025-10-07 15:00:25.896013,9827074,125.95
2025-10-07 15:00:26.146194,9827074,126.65
2025-10-07 15:00:26.694459,9827074,127.45
2025-10-07 15:00:26.895648,9827074,127.3
2025-10-07 15:00:27.147084,9827074,128.3
2025-10-07 15:00:27.399658,9827074,127.65
2025-10-07 15:00:27.646062,9827074,127.8
2025-10-07 15:00:27.895874,9827074,127.75
2025-10-07 15:00:28.434514,9827074,127.85
2025-10-07 15:00:28.649911,9827074,127.8
2025-10-07 15:00:29.255100,9827074,127.4
2025-10-07 15:00:29.646127,9827074,126.45
2025-10-07 15:00:29.895995,9827074,126.25
2025-10-07 15:00:30.646646,9827074,127.2
2025-10-07 15:00:30.900077,9827074,126.1
2025-10-07 15:00:31.146502,9827074,126.2
2025-10-07 15:00:31.646573,9827074,126.45
2025-10-07 15:00:31.917162,9827074,125.85
2025-10-07 15:00:32.395887,9827074,125.65
2025-10-07 15:00:32.736672,9827074,126.2
2025-10-07 15:00:32.895985,9827074,126.0
2025-10-07 15:00:33.399502,9827074,126.45
2025-10-07 15:00:33.646649,9827074,126.25
2025-10-07 15:00:33.896260,9827074,125.65
2025-10-07 15:00:34.168298,9827074,126.25
2025-10-07 15:00:34.895925,9827074,126.65
2025-10-07 15:00:35.896203,9827074,125.25
2025-10-07 15:00:36.647127,9827074,125.3
2025-10-07 15:00:36.934402,9827074,126.65
2025-10-07 15:00:37.958338,9827074,126.15
2025-10-07 15:00:38.147100,9827074,125.1
2025-10-07 15:00:38.472579,9827074,125.2
2025-10-07 15:00:38.895807,9827074,125.65
2025-10-07 15:00:39.896023,9827074,125.3
2025-10-07 15:00:40.647057,9827074,125.0
2025-10-07 15:00:40.927336,9827074,124.55
2025-10-07 15:00:41.398521,9827074,125.15
2025-10-07 15:00:41.896150,9827074,123.9
2025-10-07 15:00:42.396185,9827074,124.25
2025-10-07 15:00:42.646080,9827074,124.25
2025-10-07 15:00:43.180333,9827074,124.75
2025-10-07 15:00:43.396092,9827074,125.25
2025-10-07 15:00:43.650032,9827074,125.7
2025-10-07 15:00:44.000784,9827074,124.85
2025-10-07 15:00:44.900293,9827074,127.25
2025-10-07 15:00:45.146711,9827074,128.85
2025-10-07 15:00:45.944515,9827074,129.85
2025-10-07 15:00:46.395933,9827074,131.9
2025-10-07 15:00:46.895964,9827074,132.4
2025-10-07 15:00:47.396047,9827074,132.9
2025-10-07 15:00:47.896245,9827074,133.35
2025-10-07 15:00:48.146534,9827074,133.75
2025-10-07 15:00:48.896309,9827074,133.7
2025-10-07 15:00:49.646453,9827074,132.1
2025-10-07 15:00:50.146057,9827074,131.6
2025-10-07 15:00:50.650266,9827074,131.6
2025-10-07 15:00:50.896010,9827074,131.75
2025-10-07 15:00:51.646704,9827074,131.2
2025-10-07 15:00:52.193061,9827074,130.6
2025-10-07 15:00:52.396117,9827074,131.6
2025-10-07 15:00:52.647032,9827074,131.6
2025-10-07 15:00:53.146035,9827074,132.45
2025-10-07 15:00:53.896250,9827074,132.1
2025-10-07 15:00:54.896192,9827074,131.45
2025-10-07 15:00:55.146798,9827074,131.25
2025-10-07 15:00:55.645945,9827074,130.25
2025-10-07 15:00:56.185832,9827074,130.0
2025-10-07 15:00:56.646603,9827074,130.35
2025-10-07 15:00:57.414523,9827074,130.4
2025-10-07 15:00:57.650666,9827074,130.35
2025-10-07 15:00:58.146301,9827074,130.55
2025-10-07 15:00:58.439497,9827074,130.4
2025-10-07 15:00:59.146404,9827074,130.85
2025-10-07 15:00:59.896874,9827074,129.65
2025-10-07 15:01:00.896739,9827074,129.6
2025-10-07 15:01:01.150478,9827074,129.45
2025-10-07 15:01:01.646620,9827074,129.2
2025-10-07 15:01:01.920280,9827074,129.1
2025-10-07 15:01:02.646630,9827074,129.65
2025-10-07 15:01:03.146349,9827074,129.35
2025-10-07 15:01:03.897533,9827074,129.95
2025-10-07 15:01:04.146235,9827074,129.5
2025-10-07 15:01:04.981293,9827074,129.95
2025-10-07 15:01:05.898626,9827074,129.85
2025-10-07 15:01:06.145977,9827074,130.1
2025-10-07 15:01:06.734860,9827074,129.85
2025-10-07 15:01:07.146219,9827074,129.7
2025-10-07 15:01:07.654508,9827074,129.2
2025-10-07 15:01:08.146402,9827074,127.7
2025-10-07 15:01:08.897369,9827074,128.05
2025-10-07 15:01:09.149081,9827074,128.55
2025-10-07 15:01:09.896039,9827074,127.75
2025-10-07 15:01:10.896381,9827074,127.15
2025-10-07 15:01:11.396538,9827074,125.85
2025-10-07 15:01:11.650216,9827074,125.8
2025-10-07 15:01:12.149372,9827074,126.5
2025-10-07 15:01:12.646903,9827074,126.25
2025-10-07 15:01:13.146413,9827074,125.65
2025-10-07 15:01:13.897213,9827074,125.05
2025-10-07 15:01:14.208280,9827074,125.15
2025-10-07 15:01:14.896129,9827074,124.5
2025-10-07 15:01:15.896533,9827074,125.2
2025-10-07 15:01:16.155760,9827074,124.45
2025-10-07 15:01:16.646939,9827074,125.15
2025-10-07 15:01:16.972850,9827074,125.3
2025-10-07 15:01:17.146108,9827074,125.5
2025-10-07 15:01:17.692222,9827074,125.7
2025-10-07 15:01:17.896368,9827074,125.6
2025-10-07 15:01:18.408854,9827074,126.0
2025-10-07 15:01:18.650939,9827074,126.15
2025-10-07 15:01:19.145941,9827074,126.4
2025-10-07 15:01:19.896235,9827074,126.35
2025-10-07 15:01:20.660009,9827074,126.15
2025-10-07 15:01:20.967382,9827074,125.8
2025-10-07 15:01:21.396835,9827074,125.55
2025-10-07 15:01:22.151167,9827074,125.95
2025-10-07 15:01:22.648318,9827074,126.3
2025-10-07 15:01:22.912846,9827074,126.25
2025-10-07 15:01:23.896770,9827074,125.9
2025-10-07 15:01:24.146359,9827074,126.3
2025-10-07 15:01:25.146746,9827074,127.0
2025-10-07 15:01:25.677217,9827074,127.05
2025-10-07 15:01:26.146680,9827074,126.6
2025-10-07 15:01:26.646438,9827074,126.5
2025-10-07 15:01:27.146457,9827074,126.95
2025-10-07 15:01:27.725884,9827074,127.25
2025-10-07 15:01:28.146669,9827074,127.3
2025-10-07 15:01:28.896193,9827074,127.75
2025-10-07 15:01:29.150791,9827074,127.2
2025-10-07 15:01:29.646687,9827074,128.25
2025-10-07 15:01:29.896437,9827074,127.7
2025-10-07 15:01:30.901209,9827074,128.35
2025-10-07 15:01:31.401231,9827074,127.65
2025-10-07 15:01:31.645892,9827074,127.35
2025-10-07 15:01:32.146412,9827074,127.5
2025-10-07 15:01:32.651125,9827074,127.15
2025-10-07 15:01:32.947771,9827074,127.15
2025-10-07 15:01:33.146702,9827074,127.2
2025-10-07 15:01:33.396490,9827074,127.6
2025-10-07 15:01:33.646396,9827074,128.8
2025-10-07 15:01:34.147097,9827074,128.3
2025-10-07 15:01:34.688000,9827074,127.35
2025-10-07 15:01:34.897605,9827074,127.2
2025-10-07 15:01:35.896729,9827074,127.1
2025-10-07 15:01:36.150573,9827074,127.0
2025-10-07 15:01:36.646464,9827074,126.95
2025-10-07 15:01:37.249010,9827074,126.55
2025-10-07 15:01:37.658421,9827074,126.55
2025-10-07 15:01:38.170114,9827074,126.35
2025-10-07 15:01:38.646735,9827074,126.05
2025-10-07 15:01:39.146855,9827074,126.0
2025-10-07 15:01:39.911960,9827074,126.65
2025-10-07 15:01:40.901040,9827074,126.25
2025-10-07 15:01:41.147670,9827074,126.35
2025-10-07 15:01:41.646535,9827074,126.55
2025-10-07 15:01:42.147901,9827074,127.1
2025-10-07 15:01:42.646353,9827074,127.0
2025-10-07 15:01:43.149433,9827074,126.95
2025-10-07 15:01:43.396439,9827074,126.8
2025-10-07 15:01:43.896911,9827074,126.55
2025-10-07 15:01:44.147188,9827074,127.55
2025-10-07 15:01:44.896573,9827074,128.05
2025-10-07 15:01:45.896766,9827074,127.7
2025-10-07 15:01:46.145905,9827074,128.0
2025-10-07 15:01:46.650868,9827074,127.05
2025-10-07 15:01:47.146791,9827074,127.55
2025-10-07 15:01:47.647344,9827074,127.85
2025-10-07 15:01:48.146606,9827074,127.5
2025-10-07 15:01:48.410485,9827074,126.75
2025-10-07 15:01:48.646735,9827074,127.15
2025-10-07 15:01:49.148323,9827074,126.65
2025-10-07 15:01:49.896729,9827074,125.65
2025-10-07 15:01:50.152256,9827074,125.1
2025-10-07 15:01:50.897541,9827074,124.8
2025-10-07 15:01:51.401060,9827074,124.0
2025-10-07 15:01:51.646425,9827074,124.6
2025-10-07 15:01:52.146146,9827074,126.35
2025-10-07 15:01:52.396609,9827074,126.0
2025-10-07 15:01:52.646807,9827074,126.15
2025-10-07 15:01:53.146541,9827074,126.4
2025-10-07 15:01:53.396186,9827074,126.15
2025-10-07 15:01:53.896683,9827074,126.5
2025-10-07 15:01:54.897883,9827074,126.55
2025-10-07 15:01:55.896442,9827074,126.3
2025-10-07 15:01:56.146131,9827074,126.2
2025-10-07 15:01:56.646897,9827074,126.35
2025-10-07 15:01:56.897130,9827074,126.25
2025-10-07 15:01:57.421404,9827074,126.65
2025-10-07 15:01:57.730560,9827074,126.4
2025-10-07 15:01:58.146848,9827074,127.3
2025-10-07 15:01:58.400803,9827074,126.9
2025-10-07 15:01:58.646473,9827074,127.3
2025-10-07 15:01:59.146506,9827074,127.45
2025-10-07 15:01:59.647290,9827074,127.1
2025-10-07 15:01:59.982078,9827074,126.75
2025-10-07 15:02:00.396618,9827074,127.3
2025-10-07 15:02:00.896348,9827074,127.05
2025-10-07 15:02:01.147824,9827074,126.5
2025-10-07 15:02:01.647004,9827074,126.4
2025-10-07 15:02:02.146723,9827074,127.45
2025-10-07 15:02:02.900903,9827074,128.4
2025-10-07 15:02:03.464526,9827074,127.75
2025-10-07 15:02:04.150884,9827074,128.15
2025-10-07 15:02:04.896966,9827074,130.45
2025-10-07 15:02:05.148023,9827074,130.6
2025-10-07 15:02:05.897234,9827074,130.75
2025-10-07 15:02:06.146461,9827074,130.75
2025-10-07 15:02:06.647141,9827074,130.8
2025-10-07 15:02:06.944489,9827074,130.6
2025-10-07 15:02:07.147180,9827074,130.35
2025-10-07 15:02:07.396183,9827074,129.7
2025-10-07 15:02:07.651111,9827074,130.15
2025-10-07 15:02:08.147221,9827074,129.45
2025-10-07 15:02:08.941919,9827074,129.9
2025-10-07 15:02:09.198113,9827074,129.05
2025-10-07 15:02:09.901422,9827074,128.5
2025-10-07 15:02:10.897162,9827074,128.3
2025-10-07 15:02:11.151298,9827074,127.7
2025-10-07 15:02:11.646518,9827074,127.45
2025-10-07 15:02:11.962221,9827074,127.2
2025-10-07 15:02:12.147141,9827074,127.75
2025-10-07 15:02:12.474935,9827074,127.2
2025-10-07 15:02:12.963260,9827074,128.0
2025-10-07 15:02:13.147226,9827074,128.15
2025-10-07 15:02:13.499197,9827074,128.45
2025-10-07 15:02:13.908626,9827074,128.0
2025-10-07 15:02:14.397014,9827074,128.0
2025-10-07 15:02:14.896462,9827074,128.2
2025-10-07 15:02:15.957127,9827074,128.0
2025-10-07 15:02:16.147302,9827074,128.0
2025-10-07 15:02:16.647057,9827074,128.2
2025-10-07 15:02:16.980212,9827074,128.2
2025-10-07 15:02:17.396304,9827074,128.0
2025-10-07 15:02:17.697019,9827074,128.2
2025-10-07 15:02:18.146440,9827074,128.15
2025-10-07 15:02:19.951204,9827074,127.7
2025-10-07 15:02:20.897028,9827074,128.0
2025-10-07 15:02:21.146802,9827074,127.6
2025-10-07 15:02:21.647497,9827074,128.3
2025-10-07 15:02:21.999464,9827074,128.3
2025-10-07 15:02:22.146452,9827074,128.25
2025-10-07 15:02:22.407585,9827074,128.4
2025-10-07 15:02:22.920296,9827074,128.35
2025-10-07 15:02:23.146758,9827074,128.4
2025-10-07 15:02:23.646393,9827074,128.45
2025-10-07 15:02:23.901236,9827074,128.3
2025-10-07 15:02:24.396645,9827074,128.15
2025-10-07 15:02:24.896908,9827074,127.9
2025-10-07 15:02:25.646719,9827074,127.65
2025-10-07 15:02:26.151555,9827074,127.7
2025-10-07 15:02:26.710787,9827074,127.55
2025-10-07 15:02:27.424953,9827074,127.6
2025-10-07 15:02:27.938797,9827074,127.2
2025-10-07 15:02:28.148697,9827074,126.75
2025-10-07 15:02:28.896819,9827074,125.85
2025-10-07 15:02:29.146320,9827074,126.3
2025-10-07 15:02:29.985675,9827074,124.85
2025-10-07 15:02:30.396960,9827074,124.85
2025-10-07 15:02:30.896713,9827074,125.5
2025-10-07 15:02:31.146700,9827074,125.1
2025-10-07 15:02:31.646623,9827074,125.5
2025-10-07 15:02:32.146481,9827074,125.85
2025-10-07 15:02:32.397484,9827074,125.8
2025-10-07 15:02:32.897223,9827074,126.0
2025-10-07 15:02:33.149995,9827074,125.8
2025-10-07 15:02:33.896601,9827074,125.95
2025-10-07 15:02:34.696339,9827074,125.4
2025-10-07 15:02:34.897133,9827074,125.5
2025-10-07 15:02:35.923980,9827074,125.9
2025-10-07 15:02:36.146495,9827074,125.6
2025-10-07 15:02:36.396440,9827074,125.15
2025-10-07 15:02:36.897683,9827074,125.15
2025-10-07 15:02:37.147289,9827074,125.65
2025-10-07 15:02:37.397012,9827074,125.65
2025-10-07 15:02:37.972696,9827074,125.1
2025-10-07 15:02:38.396963,9827074,124.2
2025-10-07 15:02:38.996210,9827074,122.55
2025-10-07 15:02:39.146482,9827074,122.25
2025-10-07 15:02:39.918515,9827074,122.85
2025-10-07 15:02:40.146962,9827074,123.25
2025-10-07 15:02:40.896632,9827074,122.45
2025-10-07 15:02:41.396668,9827074,123.05
2025-10-07 15:02:41.646348,9827074,123.6
2025-10-07 15:02:41.896959,9827074,123.2
2025-10-07 15:02:42.146969,9827074,123.45
2025-10-07 15:02:42.401714,9827074,123.55
2025-10-07 15:02:42.990404,9827074,123.55
2025-10-07 15:02:43.146870,9827074,123.65
2025-10-07 15:02:43.911564,9827074,123.4
2025-10-07 15:02:44.731496,9827074,123.6
2025-10-07 15:02:44.896575,9827074,123.35
2025-10-07 15:02:45.896399,9827074,122.5
2025-10-07 15:02:46.147142,9827074,122.65
2025-10-07 15:02:46.647354,9827074,122.5
2025-10-07 15:02:46.896515,9827074,122.1
2025-10-07 15:02:47.396820,9827074,122.1
2025-10-07 15:02:47.897128,9827074,122.25
2025-10-07 15:02:48.212635,9827074,122.25
2025-10-07 15:02:48.896789,9827074,122.0
2025-10-07 15:02:49.236414,9827074,122.2
2025-10-07 15:02:49.748249,9827074,121.5
2025-10-07 15:02:50.158944,9827074,122.0
2025-10-07 15:02:50.670681,9827074,122.25
2025-10-07 15:02:51.146752,9827074,122.6
2025-10-07 15:02:51.396873,9827074,122.85
2025-10-07 15:02:51.896739,9827074,122.6
2025-10-07 15:02:52.147282,9827074,123.4
2025-10-07 15:02:52.646967,9827074,123.45
2025-10-07 15:02:53.230441,9827074,122.35
2025-10-07 15:02:53.898552,9827074,122.7
2025-10-07 15:02:54.146678,9827074,123.45
2025-10-07 15:02:54.897396,9827074,123.2
2025-10-07 15:02:55.152689,9827074,123.35
2025-10-07 15:02:55.396775,9827074,122.7
2025-10-07 15:02:55.897893,9827074,122.3
2025-10-07 15:02:56.647098,9827074,122.9
2025-10-07 15:02:56.917656,9827074,122.9
2025-10-07 15:02:57.223856,9827074,124.6
2025-10-07 15:02:57.647240,9827074,125.5
2025-10-07 15:02:58.146816,9827074,125.3
2025-10-07 15:02:58.648005,9827074,125.0
2025-10-07 15:02:58.964280,9827074,124.3
2025-10-07 15:02:59.146972,9827074,124.7
2025-10-07 15:02:59.896959,9827074,123.95
2025-10-07 15:03:00.147598,9827074,124.25
2025-10-07 15:03:00.646760,9827074,124.5
2025-10-07 15:03:00.910921,9827074,124.5
2025-10-07 15:03:01.396929,9827074,124.15
2025-10-07 15:03:01.647130,9827074,124.3
2025-10-07 15:03:02.446476,9827074,124.3
2025-10-07 15:03:02.897323,9827074,125.05
2025-10-07 15:03:03.163602,9827074,125.05
2025-10-07 15:03:03.981948,9827074,125.6
2025-10-07 15:03:04.146685,9827074,125.6
2025-10-07 15:03:04.905675,9827074,126.15
2025-10-07 15:03:05.147464,9827074,126.35
2025-10-07 15:03:05.896985,9827074,127.0
2025-10-07 15:03:06.146802,9827074,127.85
2025-10-07 15:03:06.649325,9827074,127.4
2025-10-07 15:03:07.397363,9827074,128.3
2025-10-07 15:03:07.977784,9827074,128.15
2025-10-07 15:03:08.487495,9827074,127.2
2025-10-07 15:03:08.896083,9827074,127.9
2025-10-07 15:03:09.205090,9827074,127.75
2025-10-07 15:03:09.897260,9827074,127.5
2025-10-07 15:03:10.742289,9827074,127.55
2025-10-07 15:03:11.147305,9827074,126.85
2025-10-07 15:03:12.147142,9827074,127.6
2025-10-07 15:03:12.897491,9827074,128.2
2025-10-07 15:03:13.199111,9827074,128.05
2025-10-07 15:03:13.710926,9827074,128.3
2025-10-07 15:03:14.146625,9827074,128.65
2025-10-07 15:03:14.427870,9827074,127.85
2025-10-07 15:03:14.897483,9827074,128.4
2025-10-07 15:03:15.146985,9827074,128.1
2025-10-07 15:03:15.897075,9827074,128.05
2025-10-07 15:03:16.896654,9827074,127.3
2025-10-07 15:03:17.151904,9827074,127.85
2025-10-07 15:03:17.897366,9827074,127.85
2025-10-07 15:03:18.147017,9827074,126.75
2025-10-07 15:03:18.897210,9827074,127.4
2025-10-07 15:03:19.146909,9827074,127.5
2025-10-07 15:03:19.956749,9827074,127.05
2025-10-07 15:03:20.147272,9827074,127.0
2025-10-07 15:03:20.896572,9827074,126.55
2025-10-07 15:03:21.396984,9827074,126.6
2025-10-07 15:03:21.646361,9827074,126.85
2025-10-07 15:03:22.209391,9827074,127.0
2025-10-07 15:03:22.396287,9827074,127.05
2025-10-07 15:03:22.646823,9827074,126.95
2025-10-07 15:03:23.235106,9827074,127.25
2025-10-07 15:03:23.897050,9827074,127.55
2025-10-07 15:03:24.668233,9827074,127.65
2025-10-07 15:03:25.147490,9827074,127.6
2025-10-07 15:03:25.647924,9827074,127.5
2025-10-07 15:03:26.146762,9827074,127.15
2025-10-07 15:03:26.402385,9827074,127.3
2025-10-07 15:03:26.646855,9827074,127.0
2025-10-07 15:03:27.146651,9827074,126.9
2025-10-07 15:03:27.897120,9827074,126.8
2025-10-07 15:03:28.147098,9827074,126.8
2025-10-07 15:03:28.652038,9827074,126.5
2025-10-07 15:03:28.897372,9827074,126.5
2025-10-07 15:03:29.647519,9827074,125.6
2025-10-07 15:03:30.146926,9827074,125.55
2025-10-07 15:03:30.902025,9827074,125.55
2025-10-07 15:03:31.221505,9827074,125.45
2025-10-07 15:03:31.647792,9827074,125.75
2025-10-07 15:03:32.149731,9827074,125.75
2025-10-07 15:03:32.451944,9827074,125.75
2025-10-07 15:03:32.963849,9827074,125.5
2025-10-07 15:03:33.147030,9827074,125.25
2025-10-07 15:03:33.679624,9827074,124.85
2025-10-07 15:03:33.985211,9827074,125.1
2025-10-07 15:03:34.147692,9827074,125.3
2025-10-07 15:03:34.897141,9827074,125.4
2025-10-07 15:03:35.897177,9827074,125.75
2025-10-07 15:03:36.650076,9827074,125.55
2025-10-07 15:03:37.146685,9827074,125.7
2025-10-07 15:03:37.467293,9827074,125.7
2025-10-07 15:03:37.979905,9827074,126.0
2025-10-07 15:03:38.147704,9827074,126.4
2025-10-07 15:03:38.646753,9827074,125.3
2025-10-07 15:03:39.004737,9827074,125.3
2025-10-07 15:03:39.897162,9827074,125.35
2025-10-07 15:03:40.232352,9827074,125.25
2025-10-07 15:03:40.746284,9827074,125.25
2025-10-07 15:03:41.147818,9827074,125.55
2025-10-07 15:03:42.153311,9827074,126.25
2025-10-07 15:03:42.997293,9827074,125.95
2025-10-07 15:03:43.146986,9827074,125.25
2025-10-07 15:03:43.919052,9827074,125.55
2025-10-07 15:03:44.738475,9827074,125.15
2025-10-07 15:03:45.398153,9827074,125.05
2025-10-07 15:03:45.660371,9827074,125.2
2025-10-07 15:03:46.171381,9827074,125.2
2025-10-07 15:03:46.647084,9827074,125.5
2025-10-07 15:03:47.152144,9827074,124.75
2025-10-07 15:03:47.897071,9827074,124.75
2025-10-07 15:03:48.171944,9827074,125.1
2025-10-07 15:03:48.647049,9827074,124.85
2025-10-07 15:03:48.938537,9827074,124.85
2025-10-07 15:03:49.244183,9827074,125.5
2025-10-07 15:03:49.756935,9827074,124.8
2025-10-07 15:03:50.146536,9827074,125.1
2025-10-07 15:03:50.397116,9827074,125.1
2025-10-07 15:03:51.146695,9827074,124.9
2025-10-07 15:03:51.397156,9827074,124.9
2025-10-07 15:03:51.647143,9827074,125.2
2025-10-07 15:03:51.897401,9827074,124.95
2025-10-07 15:03:52.647921,9827074,125.55
2025-10-07 15:03:53.399915,9827074,125.2
2025-10-07 15:03:53.646569,9827074,125.5
2025-10-07 15:03:54.152088,9827074,125.4
2025-10-07 15:03:54.897175,9827074,126.3
2025-10-07 15:03:55.146784,9827074,126.55
2025-10-07 15:03:55.646756,9827074,126.45
2025-10-07 15:03:56.146496,9827074,126.95
2025-10-07 15:03:56.897570,9827074,126.8
2025-10-07 15:03:57.147270,9827074,127.0
2025-10-07 15:03:57.649786,9827074,127.25
2025-10-07 15:03:58.147261,9827074,127.15
2025-10-07 15:03:58.906667,9827074,127.2
2025-10-07 15:03:59.178686,9827074,126.95
2025-10-07 15:03:59.647381,9827074,126.65
2025-10-07 15:04:00.150260,9827074,127.3
2025-10-07 15:04:00.712664,9827074,127.3
2025-10-07 15:04:01.146958,9827074,126.75
2025-10-07 15:04:01.898053,9827074,126.85
2025-10-07 15:04:02.147770,9827074,127.1
2025-10-07 15:04:02.896597,9827074,127.25
2025-10-07 15:04:03.396910,9827074,127.15
2025-10-07 15:04:03.896923,9827074,127.5
2025-10-07 15:04:04.147395,9827074,127.45
2025-10-07 15:04:04.896360,9827074,127.65
2025-10-07 15:04:05.149478,9827074,128.2
2025-10-07 15:04:05.646781,9827074,128.0
2025-10-07 15:04:05.898864,9827074,127.5
2025-10-07 15:04:06.897208,9827074,127.15
2025-10-07 15:04:07.397324,9827074,126.8
2025-10-07 15:04:07.646670,9827074,127.15
2025-10-07 15:04:07.896985,9827074,126.35
2025-10-07 15:04:08.147167,9827074,126.2
2025-10-07 15:04:08.897476,9827074,126.25
2025-10-07 15:04:09.147533,9827074,126.05
2025-10-07 15:04:09.896794,9827074,126.15
2025-10-07 15:04:10.147015,9827074,125.95
2025-10-07 15:04:10.747650,9827074,126.2
2025-10-07 15:04:11.148516,9827074,126.7
2025-10-07 15:04:11.396921,9827074,125.95
2025-10-07 15:04:11.647263,9827074,126.3
2025-10-07 15:04:12.147783,9827074,126.25
2025-10-07 15:04:12.902314,9827074,126.4
2025-10-07 15:04:13.147017,9827074,126.4
2025-10-07 15:04:13.647272,9827074,126.7
2025-10-07 15:04:14.230946,9827074,126.75
2025-10-07 15:04:14.744013,9827074,126.85
2025-10-07 15:04:14.896835,9827074,126.8
2025-10-07 15:04:15.147270,9827074,126.65
2025-10-07 15:04:16.176062,9827074,126.45
2025-10-07 15:04:16.416342,9827074,126.3
2025-10-07 15:04:17.147256,9827074,126.0
2025-10-07 15:04:17.896745,9827074,125.4
2025-10-07 15:04:18.429281,9827074,125.3
2025-10-07 15:04:18.737892,9827074,125.3
2025-10-07 15:04:19.397491,9827074,125.1
2025-10-07 15:04:19.647934,9827074,124.35
2025-10-07 15:04:20.150298,9827074,124.25
2025-10-07 15:04:20.647649,9827074,124.25
2025-10-07 15:04:21.148470,9827074,124.3
2025-10-07 15:04:21.647314,9827074,124.3
2025-10-07 15:04:22.146779,9827074,124.55
2025-10-07 15:04:22.646931,9827074,124.6
2025-10-07 15:04:22.897218,9827074,124.75
2025-10-07 15:04:23.147337,9827074,124.45
2025-10-07 15:04:23.897317,9827074,124.6
2025-10-07 15:04:24.147390,9827074,124.65
2025-10-07 15:04:24.653250,9827074,124.9
2025-10-07 15:04:25.146804,9827074,124.9
2025-10-07 15:06:23.798506,9827074,123.6
2025-10-07 15:06:24.049410,9827074,123.45
2025-10-07 15:06:24.299502,9827074,123.7
2025-10-07 15:06:24.798870,9827074,123.7
2025-10-07 15:06:25.048307,9827074,124.2
2025-10-07 15:06:25.798690,9827074,124.0
2025-10-07 15:06:26.049289,9827074,123.9
2025-10-07 15:06:26.798740,9827074,124.2
2025-10-07 15:06:27.300977,9827074,124.0
2025-10-07 15:06:27.556767,9827074,124.0
2025-10-07 15:06:28.048382,9827074,123.45
2025-10-07 15:06:28.549511,9827074,123.0
2025-10-07 15:06:28.889506,9827074,123.0
2025-10-07 15:06:29.400639,9827074,123.1
2025-10-07 15:06:30.048671,9827074,122.0
2025-10-07 15:06:30.548585,9827074,122.15
2025-10-07 15:06:31.054103,9827074,121.2
2025-10-07 15:06:32.063910,9827074,120.9
2025-10-07 15:06:32.798793,9827074,121.45
2025-10-07 15:06:33.393824,9827074,121.7
2025-10-07 15:06:33.548657,9827074,122.25
2025-10-07 15:06:33.906150,9827074,122.3
2025-10-07 15:06:34.314723,9827074,122.25
2025-10-07 15:06:35.135456,9827074,122.3
2025-10-07 15:06:35.804044,9827074,122.0
2025-10-07 15:06:36.057214,9827074,122.1
2025-10-07 15:06:36.798920,9827074,122.2
2025-10-07 15:06:37.298842,9827074,122.05
2025-10-07 15:06:37.798790,9827074,122.35
2025-10-07 15:06:38.618021,9827074,121.5
2025-10-07 15:07:07.314563,9827074,114.65
2025-10-07 15:07:07.597879,9827074,114.15
2025-10-07 15:07:08.621805,9827074,113.8
2025-10-07 15:07:09.058169,9827074,113.85
2025-10-07 15:07:09.307595,9827074,114.0
2025-10-07 15:07:09.849074,9827074,114.35
2025-10-07 15:07:10.157053,9827074,114.45
2025-10-07 15:07:11.057704,9827074,114.85
2025-10-07 15:07:11.557637,9827074,114.55
2025-10-07 15:07:11.807555,9827074,115.2
2025-10-07 15:07:12.307625,9827074,115.75
2025-10-07 15:07:12.818567,9827074,114.95
2025-10-07 15:07:13.330260,9827074,115.2
2025-10-07 15:07:13.807265,9827074,115.3
2025-10-07 15:07:14.355210,9827074,114.35
2025-10-07 15:07:14.866168,9827074,114.55
2025-10-07 15:07:15.057629,9827074,114.55
2025-10-07 15:07:16.095071,9827074,113.85
2025-10-07 15:07:16.564493,9827074,113.45
2025-10-07 15:07:16.807413,9827074,113.75
2025-10-07 15:07:17.307442,9827074,113.75
2025-10-07 15:07:17.631649,9827074,114.3
2025-10-07 15:07:18.307894,9827074,113.7
2025-10-07 15:07:18.557676,9827074,113.7
2025-10-07 15:07:18.861518,9827074,114.25
2025-10-07 15:07:19.371601,9827074,113.4
2025-10-07 15:07:20.060831,9827074,113.5
2025-10-07 15:07:20.307495,9827074,113.25
2025-10-07 15:07:21.058184,9827074,113.2
2025-10-07 15:07:21.807860,9827074,114.85
2025-10-07 15:07:22.648673,9827074,114.3
2025-10-07 15:07:22.807446,9827074,114.5
2025-10-07 15:07:23.365180,9827074,114.6
2025-10-07 15:07:23.564587,9827074,115.15
2025-10-07 15:07:23.807746,9827074,116.0
2025-10-07 15:07:24.307686,9827074,116.3
2025-10-07 15:07:25.057976,9827074,117.4
2025-10-07 15:07:25.307901,9827074,117.75
2025-10-07 15:07:25.814529,9827074,117.3
2025-10-07 15:07:26.558115,9827074,117.95
2025-10-07 15:07:26.814791,9827074,117.15
2025-10-07 15:07:27.307722,9827074,116.95
2025-10-07 15:07:28.064703,9827074,116.5
2025-10-07 15:07:28.307685,9827074,116.15
2025-10-07 15:07:28.807209,9827074,116.4
2025-10-07 15:07:29.406796,9827074,116.05
2025-10-07 15:07:29.807442,9827074,116.1
2025-10-07 15:07:30.308382,9827074,116.2
2025-10-07 15:07:30.557760,9827074,116.2
2025-10-07 15:07:31.057672,9827074,116.3
2025-10-07 15:07:31.564214,9827074,117.45
2025-10-07 15:07:31.864564,9827074,118.15
2025-10-07 15:07:32.307539,9827074,119.1
2025-10-07 15:07:32.807790,9827074,118.8
2025-10-07 15:07:33.307555,9827074,119.6
2025-10-07 15:07:33.807571,9827074,119.55
2025-10-07 15:07:34.323087,9827074,118.85
2025-10-07 15:07:35.064694,9827074,119.25
2025-10-07 15:07:35.653530,9827074,119.45
2025-10-07 15:07:35.807955,9827074,118.65
2025-10-07 15:07:36.057875,9827074,118.65
2025-10-07 15:07:37.058026,9827074,119.0
2025-10-07 15:07:37.314782,9827074,118.75
2025-10-07 15:07:37.808036,9827074,119.15
2025-10-07 15:07:38.307503,9827074,118.8
2025-10-07 15:07:38.623177,9827074,118.8
2025-10-07 15:07:38.807691,9827074,118.75
2025-10-07 15:07:39.307531,9827074,118.3
2025-10-07 15:07:39.807570,9827074,118.0
2025-10-07 15:07:40.307522,9827074,118.15
2025-10-07 15:07:40.875688,9827074,117.35
2025-10-07 15:07:41.057631,9827074,117.7
2025-10-07 15:07:41.557672,9827074,117.7
2025-10-07 15:07:41.807374,9827074,117.8
2025-10-07 15:07:42.057700,9827074,117.85
2025-10-07 15:07:42.807557,9827074,118.05
2025-10-07 15:07:43.333361,9827074,118.05
2025-10-07 15:07:43.807509,9827074,118.0
2025-10-07 15:07:44.314694,9827074,117.85
2025-10-07 15:07:44.807475,9827074,118.05
2025-10-07 15:07:45.307472,9827074,118.2
2025-10-07 15:07:46.058290,9827074,117.45
2025-10-07 15:07:46.808398,9827074,117.0
2025-10-07 15:07:47.327320,9827074,117.4
2025-10-07 15:07:47.635181,9827074,117.05
2025-10-07 15:07:47.814870,9827074,116.8
2025-10-07 15:07:48.308438,9827074,116.15
2025-10-07 15:07:48.807472,9827074,115.85
2025-10-07 15:07:49.307794,9827074,116.25
2025-10-07 15:07:49.808005,9827074,116.35
2025-10-07 15:07:50.307860,9827074,116.15
2025-10-07 15:07:50.808100,9827074,116.1
2025-10-07 15:07:51.322054,9827074,116.5
2025-10-07 15:07:51.807650,9827074,115.85
2025-10-07 15:07:52.308479,9827074,116.15
2025-10-07 15:07:52.557721,9827074,116.2
2025-10-07 15:07:52.807890,9827074,115.85
2025-10-07 15:07:53.307959,9827074,115.1
2025-10-07 15:07:53.808214,9827074,115.55
2025-10-07 15:07:54.392954,9827074,115.6
2025-10-07 15:07:54.811814,9827074,115.75
2025-10-07 15:07:55.111725,9827074,115.75
2025-10-07 15:07:56.133611,9827074,116.0
2025-10-07 15:07:56.807984,9827074,116.6
2025-10-07 15:07:57.362749,9827074,116.85
2025-10-07 15:07:57.808448,9827074,116.75
2025-10-07 15:07:58.310554,9827074,116.65
2025-10-07 15:07:58.807700,9827074,116.75
2025-10-07 15:07:59.307676,9827074,115.85
2025-10-07 15:07:59.821827,9827074,115.85
2025-10-07 15:08:00.065017,9827074,115.8
2025-10-07 15:08:00.845971,9827074,116.2
2025-10-07 15:08:01.058382,9827074,116.25
2025-10-07 15:08:01.356075,9827074,116.65
2025-10-07 15:08:02.072809,9827074,115.75
2025-10-07 15:08:02.307849,9827074,116.0
2025-10-07 15:08:02.814885,9827074,115.9
2025-10-07 15:08:03.404672,9827074,116.6
2025-10-07 15:08:03.807633,9827074,116.6
2025-10-07 15:08:04.308756,9827074,116.55
2025-10-07 15:08:04.807814,9827074,117.0
2025-10-07 15:08:05.144894,9827074,117.0
2025-10-07 15:08:05.808054,9827074,117.0
2025-10-07 15:08:06.066672,9827074,117.05
2025-10-07 15:08:06.315139,9827074,117.45
2025-10-07 15:08:06.885782,9827074,116.75
2025-10-07 15:08:07.560338,9827074,116.75
2025-10-07 15:08:07.808283,9827074,116.6
2025-10-07 15:08:08.057704,9827074,117.05
2025-10-07 15:08:08.307738,9827074,117.0
2025-10-07 15:08:08.627811,9827074,116.75
2025-10-07 15:08:08.807809,9827074,116.85
2025-10-07 15:08:09.308237,9827074,116.4
2025-10-07 15:08:09.814978,9827074,116.7
2025-10-07 15:08:10.307753,9827074,116.45
2025-10-07 15:08:11.086674,9827074,116.25
2025-10-07 15:08:11.904301,9827074,116.7
2025-10-07 15:08:12.308544,9827074,116.45
2025-10-07 15:08:12.620983,9827074,116.2
2025-10-07 15:08:12.807745,9827074,116.2
2025-10-07 15:08:13.314889,9827074,116.0
2025-10-07 15:08:13.558034,9827074,116.0
2025-10-07 15:08:14.058266,9827074,116.35
2025-10-07 15:08:14.308258,9827074,116.1
2025-10-07 15:08:15.077982,9827074,116.0
2025-10-07 15:08:15.898314,9827074,116.0
2025-10-07 15:08:16.307831,9827074,116.25
2025-10-07 15:08:16.922525,9827074,115.7
2025-10-07 15:08:17.330731,9827074,115.25
2025-10-07 15:08:17.634197,9827074,115.0
2025-10-07 15:08:17.808267,9827074,116.3
2025-10-07 15:08:18.307882,9827074,114.25
2025-10-07 15:08:19.060226,9827074,113.9
2025-10-07 15:08:19.308460,9827074,113.9
2025-10-07 15:08:19.891522,9827074,114.2
2025-10-07 15:08:20.059052,9827074,113.9
