symbol,token,strike,expiry,option_type,lot_size
NIFTY 50,256265,0.0,2025-10-05,EQ,0
NIFTY25O0722850CE,9779458,22850.0,2025-10-07,CE,75
NIFTY25O0722850PE,9779714,22850.0,2025-10-07,PE,75
NIFTY25O0722900CE,9779970,22900.0,2025-10-07,CE,75
NIFTY25O0722900PE,9780226,22900.0,2025-10-07,PE,75
NIFTY25O0722950CE,9782018,22950.0,2025-10-07,CE,75
NIFTY25O0722950PE,9782274,22950.0,2025-10-07,PE,75
NIFTY25O0723000CE,9782530,23000.0,2025-10-07,CE,75
NIFTY25O0723000PE,9782786,23000.0,2025-10-07,PE,75
NIFTY25O0723050CE,9783042,23050.0,2025-10-07,CE,75
NIFTY25O0723050PE,9783554,23050.0,2025-10-07,PE,75
NIFTY25O0723100CE,9784578,23100.0,2025-10-07,CE,75
NIFTY25O0723100PE,9784834,23100.0,2025-10-07,PE,75
NIFTY25O0723150CE,9785090,23150.0,2025-10-07,CE,75
NIFTY25O0723150PE,9785346,23150.0,2025-10-07,PE,75
NIFTY25O0723200CE,9787138,23200.0,2025-10-07,CE,75
NIFTY25O0723200PE,9787394,23200.0,2025-10-07,PE,75
NIFTY25O0723250CE,9787650,23250.0,2025-10-07,CE,75
NIFTY25O0723250PE,9787906,23250.0,2025-10-07,PE,75
NIFTY25O0723300CE,9788162,23300.0,2025-10-07,CE,75
NIFTY25O0723300PE,9788418,23300.0,2025-10-07,PE,75
NIFTY25O0723350CE,9788674,23350.0,2025-10-07,CE,75
NIFTY25O0723350PE,9788930,23350.0,2025-10-07,PE,75
NIFTY25O0723400CE,9789698,23400.0,2025-10-07,CE,75
NIFTY25O0723400PE,9789954,23400.0,2025-10-07,PE,75
NIFTY25O0723450CE,9790210,23450.0,2025-10-07,CE,75
NIFTY25O0723450PE,9790466,23450.0,2025-10-07,PE,75
NIFTY25O0723500CE,9791234,23500.0,2025-10-07,CE,75
NIFTY25O0723500PE,9791490,23500.0,2025-10-07,PE,75
NIFTY25O0723550CE,9792770,23550.0,2025-10-07,CE,75
NIFTY25O0723550PE,9793026,23550.0,2025-10-07,PE,75
NIFTY25O0723600CE,9794818,23600.0,2025-10-07,CE,75
NIFTY25O0723600PE,9795074,23600.0,2025-10-07,PE,75
NIFTY25O0723650CE,9795842,23650.0,2025-10-07,CE,75
NIFTY25O0723650PE,9796098,23650.0,2025-10-07,PE,75
NIFTY25O0723700CE,9796354,23700.0,2025-10-07,CE,75
NIFTY25O0723700PE,9796610,23700.0,2025-10-07,PE,75
NIFTY25O0723750CE,9796866,23750.0,2025-10-07,CE,75
NIFTY25O0723750PE,9797122,23750.0,2025-10-07,PE,75
NIFTY25O0723800CE,9797890,23800.0,2025-10-07,CE,75
NIFTY25O0723800PE,9798146,23800.0,2025-10-07,PE,75
NIFTY25O0723850CE,9798402,23850.0,2025-10-07,CE,75
NIFTY25O0723850PE,9798658,23850.0,2025-10-07,PE,75
NIFTY25O0723900CE,9799426,23900.0,2025-10-07,CE,75
NIFTY25O0723900PE,9799682,23900.0,2025-10-07,PE,75
NIFTY25O0723950CE,9799938,23950.0,2025-10-07,CE,75
NIFTY25O0723950PE,9800194,23950.0,2025-10-07,PE,75
NIFTY25O0724000CE,9800450,24000.0,2025-10-07,CE,75
NIFTY25O0724000PE,9800706,24000.0,2025-10-07,PE,75
NIFTY25O0724050CE,9800962,24050.0,2025-10-07,CE,75
NIFTY25O0724050PE,9801218,24050.0,2025-10-07,PE,75
NIFTY25O0724100CE,9801474,24100.0,2025-10-07,CE,75
NIFTY25O0724100PE,9801730,24100.0,2025-10-07,PE,75
NIFTY25O0724150CE,9806594,24150.0,2025-10-07,CE,75
NIFTY25O0724150PE,9806850,24150.0,2025-10-07,PE,75
NIFTY25O0724200CE,9807106,24200.0,2025-10-07,CE,75
NIFTY25O0724200PE,9809410,24200.0,2025-10-07,PE,75
NIFTY25O0724250CE,9809666,24250.0,2025-10-07,CE,75
NIFTY25O0724250PE,9809922,24250.0,2025-10-07,PE,75
NIFTY25O0724300CE,9810178,24300.0,2025-10-07,CE,75
NIFTY25O0724300PE,9810434,24300.0,2025-10-07,PE,75
NIFTY25O0724350CE,9810690,24350.0,2025-10-07,CE,75
NIFTY25O0724350PE,9810946,24350.0,2025-10-07,PE,75
NIFTY25O0724400CE,9811202,24400.0,2025-10-07,CE,75
NIFTY25O0724400PE,9811458,24400.0,2025-10-07,PE,75
NIFTY25O0724450CE,9815298,24450.0,2025-10-07,CE,75
NIFTY25O0724450PE,9815554,24450.0,2025-10-07,PE,75
NIFTY25O0724500CE,9816834,24500.0,2025-10-07,CE,75
NIFTY25O0724500PE,9817090,24500.0,2025-10-07,PE,75
NIFTY25O0724550CE,9817858,24550.0,2025-10-07,CE,75
NIFTY25O0724550PE,9818114,24550.0,2025-10-07,PE,75
NIFTY25O0724600CE,9819394,24600.0,2025-10-07,CE,75
NIFTY25O0724600PE,9819650,24600.0,2025-10-07,PE,75
NIFTY25O0724650CE,9819906,24650.0,2025-10-07,CE,75
NIFTY25O0724650PE,9820162,24650.0,2025-10-07,PE,75
NIFTY25O0724700CE,9820418,24700.0,2025-10-07,CE,75
NIFTY25O0724700PE,9820674,24700.0,2025-10-07,PE,75
NIFTY25O0724750CE,9821954,24750.0,2025-10-07,CE,75
NIFTY25O0724750PE,9822210,24750.0,2025-10-07,PE,75
NIFTY25O0724800CE,9822466,24800.0,2025-10-07,CE,75
NIFTY25O0724800PE,9822722,24800.0,2025-10-07,PE,75
NIFTY25O0724850CE,9822978,24850.0,2025-10-07,CE,75
NIFTY25O0724850PE,9823234,24850.0,2025-10-07,PE,75
NIFTY25O0724900CE,9823746,24900.0,2025-10-07,CE,75
NIFTY25O0724900PE,9825026,24900.0,2025-10-07,PE,75
NIFTY25O0724950CE,9826562,24950.0,2025-10-07,CE,75
NIFTY25O0724950PE,9826818,24950.0,2025-10-07,PE,75
NIFTY25O0725000CE,9827074,25000.0,2025-10-07,CE,75
NIFTY25O0725000PE,9827586,25000.0,2025-10-07,PE,75
NIFTY25O0725050CE,9828610,25050.0,2025-10-07,CE,75
NIFTY25O0725050PE,9828866,25050.0,2025-10-07,PE,75
NIFTY25O0725100CE,9829122,25100.0,2025-10-07,CE,75
NIFTY25O0725100PE,9829378,25100.0,2025-10-07,PE,75
NIFTY25O0725150CE,9829634,25150.0,2025-10-07,CE,75
NIFTY25O0725150PE,9829890,25150.0,2025-10-07,PE,75
NIFTY25O0725200CE,9830146,25200.0,2025-10-07,CE,75
NIFTY25O0725200PE,9830402,25200.0,2025-10-07,PE,75
NIFTY25O0725250CE,9830658,25250.0,2025-10-07,CE,75
NIFTY25O0725250PE,9830914,25250.0,2025-10-07,PE,75
NIFTY25O0725300CE,9831170,25300.0,2025-10-07,CE,75
NIFTY25O0725300PE,9831426,25300.0,2025-10-07,PE,75
NIFTY25O0725350CE,9832194,25350.0,2025-10-07,CE,75
NIFTY25O0725350PE,9832450,25350.0,2025-10-07,PE,75
NIFTY25O0725400CE,9832706,25400.0,2025-10-07,CE,75
NIFTY25O0725400PE,9832962,25400.0,2025-10-07,PE,75
NIFTY25O0725450CE,9833218,25450.0,2025-10-07,CE,75
NIFTY25O0725450PE,9833474,25450.0,2025-10-07,PE,75
NIFTY25O0725500CE,9833730,25500.0,2025-10-07,CE,75
NIFTY25O0725500PE,9833986,25500.0,2025-10-07,PE,75
NIFTY25O0725550CE,9834242,25550.0,2025-10-07,CE,75
NIFTY25O0725550PE,9834498,25550.0,2025-10-07,PE,75
NIFTY25O0725600CE,9834754,25600.0,2025-10-07,CE,75
NIFTY25O0725600PE,9835010,25600.0,2025-10-07,PE,75
NIFTY25O0725650CE,9835266,25650.0,2025-10-07,CE,75
NIFTY25O0725650PE,9835522,25650.0,2025-10-07,PE,75
NIFTY25O0725700CE,9835778,25700.0,2025-10-07,CE,75
NIFTY25O0725700PE,9836034,25700.0,2025-10-07,PE,75
NIFTY25O0725750CE,9836546,25750.0,2025-10-07,CE,75
NIFTY25O0725750PE,9837826,25750.0,2025-10-07,PE,75
NIFTY25O0725800CE,9838082,25800.0,2025-10-07,CE,75
NIFTY25O0725800PE,9838338,25800.0,2025-10-07,PE,75
NIFTY25O0725850CE,9838850,25850.0,2025-10-07,CE,75
NIFTY25O0725850PE,9839106,25850.0,2025-10-07,PE,75
NIFTY25O0725900CE,9839874,25900.0,2025-10-07,CE,75
NIFTY25O0725900PE,9840130,25900.0,2025-10-07,PE,75
NIFTY25O0725950CE,9840386,25950.0,2025-10-07,CE,75
NIFTY25O0725950PE,9840642,25950.0,2025-10-07,PE,75
NIFTY25O0726000CE,9840898,26000.0,2025-10-07,CE,75
NIFTY25O0726000PE,9841666,26000.0,2025-10-07,PE,75
NIFTY25O0726050CE,9842434,26050.0,2025-10-07,CE,75
NIFTY25O0726050PE,9842690,26050.0,2025-10-07,PE,75
NIFTY25O0726100CE,9842946,26100.0,2025-10-07,CE,75
NIFTY25O0726100PE,9843202,26100.0,2025-10-07,PE,75
NIFTY25O0726150CE,9843458,26150.0,2025-10-07,CE,75
NIFTY25O0726150PE,9843714,26150.0,2025-10-07,PE,75
NIFTY25O0726200CE,9843970,26200.0,2025-10-07,CE,75
NIFTY25O0726200PE,9844226,26200.0,2025-10-07,PE,75
NIFTY25O0726250CE,9844482,26250.0,2025-10-07,CE,75
NIFTY25O0726250PE,9844738,26250.0,2025-10-07,PE,75
NIFTY25O0726300CE,9844994,26300.0,2025-10-07,CE,75
NIFTY25O0726300PE,9845250,26300.0,2025-10-07,PE,75
NIFTY25O0726350CE,9845506,26350.0,2025-10-07,CE,75
NIFTY25O0726350PE,9845762,26350.0,2025-10-07,PE,75
NIFTY25O0726400CE,9846018,26400.0,2025-10-07,CE,75
NIFTY25O0726400PE,9846274,26400.0,2025-10-07,PE,75
NIFTY25O0726450CE,9846530,26450.0,2025-10-07,CE,75
NIFTY25O0726450PE,9846786,26450.0,2025-10-07,PE,75
NIFTY25O0726500CE,9847042,26500.0,2025-10-07,CE,75
NIFTY25O0726500PE,9847298,26500.0,2025-10-07,PE,75
NIFTY25O0726550CE,9848322,26550.0,2025-10-07,CE,75
NIFTY25O0726550PE,9848578,26550.0,2025-10-07,PE,75
NIFTY25O0726600CE,9848834,26600.0,2025-10-07,CE,75
NIFTY25O0726600PE,9849090,26600.0,2025-10-07,PE,75
NIFTY25O0726650CE,9850626,26650.0,2025-10-07,CE,75
NIFTY25O0726650PE,9850882,26650.0,2025-10-07,PE,75
NIFTY25O0726700CE,9851138,26700.0,2025-10-07,CE,75
NIFTY25O0726700PE,9851394,26700.0,2025-10-07,PE,75
NIFTY25O0726750CE,9851650,26750.0,2025-10-07,CE,75
NIFTY25O0726750PE,9851906,26750.0,2025-10-07,PE,75
NIFTY25O0726800CE,9854722,26800.0,2025-10-07,CE,75
NIFTY25O0726800PE,9854978,26800.0,2025-10-07,PE,75
NIFTY25O0726850CE,9855234,26850.0,2025-10-07,CE,75
NIFTY25O0726850PE,9855490,26850.0,2025-10-07,PE,75
NIFTY25O0726900CE,9856258,26900.0,2025-10-07,CE,75
NIFTY25O0726900PE,9856514,26900.0,2025-10-07,PE,75
NIFTY25O0726950CE,9856770,26950.0,2025-10-07,CE,75
NIFTY25O0726950PE,9857026,26950.0,2025-10-07,PE,75
NIFTY25O0727000CE,9857282,27000.0,2025-10-07,CE,75
NIFTY25O0727000PE,9857538,27000.0,2025-10-07,PE,75
NIFTY25O0727050CE,9857794,27050.0,2025-10-07,CE,75
NIFTY25O0727050PE,9859074,27050.0,2025-10-07,PE,75
NIFTY25O0727100CE,9859586,27100.0,2025-10-07,CE,75
NIFTY25O0727100PE,9861378,27100.0,2025-10-07,PE,75
NIFTY25O0727150CE,9863170,27150.0,2025-10-07,CE,75
NIFTY25O0727150PE,9863426,27150.0,2025-10-07,PE,75
NIFTY25O1422850CE,10888962,22850.0,2025-10-14,CE,75
NIFTY25O1422850PE,10889218,22850.0,2025-10-14,PE,75
NIFTY25O1422900CE,10889474,22900.0,2025-10-14,CE,75
NIFTY25O1422900PE,10889730,22900.0,2025-10-14,PE,75
NIFTY25O1422950CE,10889986,22950.0,2025-10-14,CE,75
NIFTY25O1422950PE,10890242,22950.0,2025-10-14,PE,75
NIFTY25O1423000CE,10890498,23000.0,2025-10-14,CE,75
NIFTY25O1423000PE,10890754,23000.0,2025-10-14,PE,75
NIFTY25O1423050CE,10891010,23050.0,2025-10-14,CE,75
NIFTY25O1423050PE,10891266,23050.0,2025-10-14,PE,75
NIFTY25O1423100CE,10892034,23100.0,2025-10-14,CE,75
NIFTY25O1423100PE,10892546,23100.0,2025-10-14,PE,75
NIFTY25O1423150CE,10892802,23150.0,2025-10-14,CE,75
NIFTY25O1423150PE,10893570,23150.0,2025-10-14,PE,75
NIFTY25O1423200CE,10893826,23200.0,2025-10-14,CE,75
NIFTY25O1423200PE,10894594,23200.0,2025-10-14,PE,75
NIFTY25O1423250CE,10894850,23250.0,2025-10-14,CE,75
NIFTY25O1423250PE,10896386,23250.0,2025-10-14,PE,75
NIFTY25O1423300CE,10896642,23300.0,2025-10-14,CE,75
NIFTY25O1423300PE,10898946,23300.0,2025-10-14,PE,75
NIFTY25O1423350CE,10899202,23350.0,2025-10-14,CE,75
NIFTY25O1423350PE,10899458,23350.0,2025-10-14,PE,75
NIFTY25O1423400CE,10899714,23400.0,2025-10-14,CE,75
NIFTY25O1423400PE,10900994,23400.0,2025-10-14,PE,75
NIFTY25O1423450CE,10901250,23450.0,2025-10-14,CE,75
NIFTY25O1423450PE,10901506,23450.0,2025-10-14,PE,75
NIFTY25O1423500CE,10901762,23500.0,2025-10-14,CE,75
NIFTY25O1423500PE,10902018,23500.0,2025-10-14,PE,75
NIFTY25O1423550CE,10902274,23550.0,2025-10-14,CE,75
NIFTY25O1423550PE,10902530,23550.0,2025-10-14,PE,75
NIFTY25O1423600CE,10902786,23600.0,2025-10-14,CE,75
NIFTY25O1423600PE,10903042,23600.0,2025-10-14,PE,75
NIFTY25O1423650CE,10903298,23650.0,2025-10-14,CE,75
NIFTY25O1423650PE,10904066,23650.0,2025-10-14,PE,75
NIFTY25O1423700CE,10904322,23700.0,2025-10-14,CE,75
NIFTY25O1423700PE,10904578,23700.0,2025-10-14,PE,75
NIFTY25O1423750CE,10904834,23750.0,2025-10-14,CE,75
NIFTY25O1423750PE,10905602,23750.0,2025-10-14,PE,75
NIFTY25O1423800CE,10905858,23800.0,2025-10-14,CE,75
NIFTY25O1423800PE,10906114,23800.0,2025-10-14,PE,75
NIFTY25O1423850CE,10906370,23850.0,2025-10-14,CE,75
NIFTY25O1423850PE,10906626,23850.0,2025-10-14,PE,75
NIFTY25O1423900CE,10906882,23900.0,2025-10-14,CE,75
NIFTY25O1423900PE,10907138,23900.0,2025-10-14,PE,75
NIFTY25O1423950CE,10907394,23950.0,2025-10-14,CE,75
NIFTY25O1423950PE,10907650,23950.0,2025-10-14,PE,75
NIFTY25O1424000CE,10907906,24000.0,2025-10-14,CE,75
NIFTY25O1424000PE,10908674,24000.0,2025-10-14,PE,75
NIFTY25O1424050CE,10908930,24050.0,2025-10-14,CE,75
NIFTY25O1424050PE,10909186,24050.0,2025-10-14,PE,75
NIFTY25O1424100CE,10909442,24100.0,2025-10-14,CE,75
NIFTY25O1424100PE,10909698,24100.0,2025-10-14,PE,75
NIFTY25O1424150CE,10909954,24150.0,2025-10-14,CE,75
NIFTY25O1424150PE,10910722,24150.0,2025-10-14,PE,75
NIFTY25O1424200CE,10911234,24200.0,2025-10-14,CE,75
NIFTY25O1424200PE,10912258,24200.0,2025-10-14,PE,75
NIFTY25O1424250CE,10912514,24250.0,2025-10-14,CE,75
NIFTY25O1424250PE,10912770,24250.0,2025-10-14,PE,75
NIFTY25O1424300CE,10913026,24300.0,2025-10-14,CE,75
NIFTY25O1424300PE,10913282,24300.0,2025-10-14,PE,75
NIFTY25O1424350CE,10913538,24350.0,2025-10-14,CE,75
NIFTY25O1424350PE,10913794,24350.0,2025-10-14,PE,75
NIFTY25O1424400CE,10914050,24400.0,2025-10-14,CE,75
NIFTY25O1424400PE,10915842,24400.0,2025-10-14,PE,75
NIFTY25O1424450CE,10916098,24450.0,2025-10-14,CE,75
NIFTY25O1424450PE,10916866,24450.0,2025-10-14,PE,75
NIFTY25O1424500CE,10917122,24500.0,2025-10-14,CE,75
NIFTY25O1424500PE,10917378,24500.0,2025-10-14,PE,75
NIFTY25O1424550CE,10917634,24550.0,2025-10-14,CE,75
NIFTY25O1424550PE,10917890,24550.0,2025-10-14,PE,75
NIFTY25O1424600CE,10918146,24600.0,2025-10-14,CE,75
NIFTY25O1424600PE,10918402,24600.0,2025-10-14,PE,75
NIFTY25O1424650CE,10918658,24650.0,2025-10-14,CE,75
NIFTY25O1424650PE,10918914,24650.0,2025-10-14,PE,75
NIFTY25O1424700CE,10919170,24700.0,2025-10-14,CE,75
NIFTY25O1424700PE,10919938,24700.0,2025-10-14,PE,75
NIFTY25O1424750CE,10920194,24750.0,2025-10-14,CE,75
NIFTY25O1424750PE,10920962,24750.0,2025-10-14,PE,75
NIFTY25O1424800CE,10921218,24800.0,2025-10-14,CE,75
NIFTY25O1424800PE,10922498,24800.0,2025-10-14,PE,75
NIFTY25O1424850CE,10922754,24850.0,2025-10-14,CE,75
NIFTY25O1424850PE,10923010,24850.0,2025-10-14,PE,75
NIFTY25O1424900CE,10923266,24900.0,2025-10-14,CE,75
NIFTY25O1424900PE,10923522,24900.0,2025-10-14,PE,75
NIFTY25O1424950CE,10923778,24950.0,2025-10-14,CE,75
NIFTY25O1424950PE,10924034,24950.0,2025-10-14,PE,75
NIFTY25O1425000CE,10924290,25000.0,2025-10-14,CE,75
NIFTY25O1425000PE,10925058,25000.0,2025-10-14,PE,75
NIFTY25O1425050CE,10925314,25050.0,2025-10-14,CE,75
NIFTY25O1425050PE,10925570,25050.0,2025-10-14,PE,75
NIFTY25O1425100CE,10925826,25100.0,2025-10-14,CE,75
NIFTY25O1425100PE,10927106,25100.0,2025-10-14,PE,75
NIFTY25O1425150CE,10927362,25150.0,2025-10-14,CE,75
NIFTY25O1425150PE,10927618,25150.0,2025-10-14,PE,75
NIFTY25O1425200CE,10927874,25200.0,2025-10-14,CE,75
NIFTY25O1425200PE,10928642,25200.0,2025-10-14,PE,75
NIFTY25O1425250CE,10928898,25250.0,2025-10-14,CE,75
NIFTY25O1425250PE,10929154,25250.0,2025-10-14,PE,75
NIFTY25O1425300CE,10929410,25300.0,2025-10-14,CE,75
NIFTY25O1425300PE,10929666,25300.0,2025-10-14,PE,75
NIFTY25O1425350CE,10929922,25350.0,2025-10-14,CE,75
NIFTY25O1425350PE,10931714,25350.0,2025-10-14,PE,75
NIFTY25O1425400CE,10931970,25400.0,2025-10-14,CE,75
NIFTY25O1425400PE,10932226,25400.0,2025-10-14,PE,75
NIFTY25O1425450CE,10932482,25450.0,2025-10-14,CE,75
NIFTY25O1425450PE,10932738,25450.0,2025-10-14,PE,75
NIFTY25O1425500CE,10932994,25500.0,2025-10-14,CE,75
NIFTY25O1425500PE,10933506,25500.0,2025-10-14,PE,75
NIFTY25O1425550CE,10934018,25550.0,2025-10-14,CE,75
NIFTY25O1425550PE,10934274,25550.0,2025-10-14,PE,75
NIFTY25O1425600CE,10934530,25600.0,2025-10-14,CE,75
NIFTY25O1425600PE,10934786,25600.0,2025-10-14,PE,75
NIFTY25O1425650CE,10935042,25650.0,2025-10-14,CE,75
NIFTY25O1425650PE,10935298,25650.0,2025-10-14,PE,75
NIFTY25O1425700CE,10935554,25700.0,2025-10-14,CE,75
NIFTY25O1425700PE,10935810,25700.0,2025-10-14,PE,75
NIFTY25O1425750CE,10936066,25750.0,2025-10-14,CE,75
NIFTY25O1425750PE,10936322,25750.0,2025-10-14,PE,75
NIFTY25O1425800CE,10936578,25800.0,2025-10-14,CE,75
NIFTY25O1425800PE,10936834,25800.0,2025-10-14,PE,75
NIFTY25O1425850CE,10937090,25850.0,2025-10-14,CE,75
NIFTY25O1425850PE,10937346,25850.0,2025-10-14,PE,75
NIFTY25O1425900CE,10937602,25900.0,2025-10-14,CE,75
NIFTY25O1425900PE,10938882,25900.0,2025-10-14,PE,75
NIFTY25O1425950CE,10939138,25950.0,2025-10-14,CE,75
NIFTY25O1425950PE,10939394,25950.0,2025-10-14,PE,75
NIFTY25O1426000CE,10939650,26000.0,2025-10-14,CE,75
NIFTY25O1426000PE,10939906,26000.0,2025-10-14,PE,75
NIFTY25O1426050CE,10940162,26050.0,2025-10-14,CE,75
NIFTY25O1426050PE,10940930,26050.0,2025-10-14,PE,75
NIFTY25O1426100CE,10941186,26100.0,2025-10-14,CE,75
NIFTY25O1426100PE,10941442,26100.0,2025-10-14,PE,75
NIFTY25O1426150CE,10941698,26150.0,2025-10-14,CE,75
NIFTY25O1426150PE,10941954,26150.0,2025-10-14,PE,75
NIFTY25O1426200CE,10942210,26200.0,2025-10-14,CE,75
NIFTY25O1426200PE,10942466,26200.0,2025-10-14,PE,75
NIFTY25O1426250CE,10942722,26250.0,2025-10-14,CE,75
NIFTY25O1426250PE,10943490,26250.0,2025-10-14,PE,75
NIFTY25O1426300CE,10943746,26300.0,2025-10-14,CE,75
NIFTY25O1426300PE,10944514,26300.0,2025-10-14,PE,75
NIFTY25O1426350CE,10944770,26350.0,2025-10-14,CE,75
NIFTY25O1426350PE,10945026,26350.0,2025-10-14,PE,75
NIFTY25O1426400CE,10945282,26400.0,2025-10-14,CE,75
NIFTY25O1426400PE,10945538,26400.0,2025-10-14,PE,75
NIFTY25O1426450CE,10945794,26450.0,2025-10-14,CE,75
NIFTY25O1426450PE,10946050,26450.0,2025-10-14,PE,75
NIFTY25O1426500CE,10946306,26500.0,2025-10-14,CE,75
NIFTY25O1426500PE,10946562,26500.0,2025-10-14,PE,75
NIFTY25O1426550CE,10946818,26550.0,2025-10-14,CE,75
NIFTY25O1426550PE,10947074,26550.0,2025-10-14,PE,75
NIFTY25O1426600CE,10947330,26600.0,2025-10-14,CE,75
NIFTY25O1426600PE,10948098,26600.0,2025-10-14,PE,75
NIFTY25O1426650CE,10948354,26650.0,2025-10-14,CE,75
NIFTY25O1426650PE,10948610,26650.0,2025-10-14,PE,75
NIFTY25O1426700CE,10948866,26700.0,2025-10-14,CE,75
NIFTY25O1426700PE,10949122,26700.0,2025-10-14,PE,75
NIFTY25O1426750CE,10949378,26750.0,2025-10-14,CE,75
NIFTY25O1426750PE,10949634,26750.0,2025-10-14,PE,75
NIFTY25O1426800CE,10949890,26800.0,2025-10-14,CE,75
NIFTY25O1426800PE,10950146,26800.0,2025-10-14,PE,75
NIFTY25O1426850CE,10950402,26850.0,2025-10-14,CE,75
NIFTY25O1426850PE,10950658,26850.0,2025-10-14,PE,75
NIFTY25O1426900CE,10950914,26900.0,2025-10-14,CE,75
NIFTY25O1426900PE,10951682,26900.0,2025-10-14,PE,75
NIFTY25O1426950CE,10951938,26950.0,2025-10-14,CE,75
NIFTY25O1426950PE,10952194,26950.0,2025-10-14,PE,75
NIFTY25O1427000CE,10952450,27000.0,2025-10-14,CE,75
NIFTY25O1427000PE,10952706,27000.0,2025-10-14,PE,75
NIFTY25O1427050CE,10952962,27050.0,2025-10-14,CE,75
NIFTY25O1427050PE,10953218,27050.0,2025-10-14,PE,75
NIFTY25O1427100CE,10953474,27100.0,2025-10-14,CE,75
NIFTY25O1427100PE,10954754,27100.0,2025-10-14,PE,75
NIFTY25O1427150CE,10955010,27150.0,2025-10-14,CE,75
NIFTY25O1427150PE,10955778,27150.0,2025-10-14,PE,75
NIFTY25O2022850CE,11553794,22850.0,2025-10-20,CE,75
NIFTY25O2022850PE,11554050,22850.0,2025-10-20,PE,75
NIFTY25O2022900CE,11554306,22900.0,2025-10-20,CE,75
NIFTY25O2022900PE,11554562,22900.0,2025-10-20,PE,75
NIFTY25O2022950CE,11555842,22950.0,2025-10-20,CE,75
NIFTY25O2022950PE,11556098,22950.0,2025-10-20,PE,75
NIFTY25O2023000CE,11556354,23000.0,2025-10-20,CE,75
NIFTY25O2023000PE,11556610,23000.0,2025-10-20,PE,75
NIFTY25O2023050CE,11556866,23050.0,2025-10-20,CE,75
NIFTY25O2023050PE,11557122,23050.0,2025-10-20,PE,75
NIFTY25O2023100CE,11557378,23100.0,2025-10-20,CE,75
NIFTY25O2023100PE,11557634,23100.0,2025-10-20,PE,75
NIFTY25O2023150CE,11557890,23150.0,2025-10-20,CE,75
NIFTY25O2023150PE,11559170,23150.0,2025-10-20,PE,75
NIFTY25O2023200CE,11559938,23200.0,2025-10-20,CE,75
NIFTY25O2023200PE,11560194,23200.0,2025-10-20,PE,75
NIFTY25O2023250CE,11561474,23250.0,2025-10-20,CE,75
NIFTY25O2023250PE,11561730,23250.0,2025-10-20,PE,75
NIFTY25O2023300CE,11561986,23300.0,2025-10-20,CE,75
NIFTY25O2023300PE,11562242,23300.0,2025-10-20,PE,75
NIFTY25O2023350CE,11562498,23350.0,2025-10-20,CE,75
NIFTY25O2023350PE,11562754,23350.0,2025-10-20,PE,75
NIFTY25O2023400CE,11564034,23400.0,2025-10-20,CE,75
NIFTY25O2023400PE,11564290,23400.0,2025-10-20,PE,75
NIFTY25O2023450CE,11564546,23450.0,2025-10-20,CE,75
NIFTY25O2023450PE,11564802,23450.0,2025-10-20,PE,75
NIFTY25O2023500CE,11565058,23500.0,2025-10-20,CE,75
NIFTY25O2023500PE,11565314,23500.0,2025-10-20,PE,75
NIFTY25O2023550CE,11565570,23550.0,2025-10-20,CE,75
NIFTY25O2023550PE,11565826,23550.0,2025-10-20,PE,75
NIFTY25O2023600CE,11566082,23600.0,2025-10-20,CE,75
NIFTY25O2023600PE,11566338,23600.0,2025-10-20,PE,75
NIFTY25O2023650CE,11566594,23650.0,2025-10-20,CE,75
NIFTY25O2023650PE,11566850,23650.0,2025-10-20,PE,75
NIFTY25O2023700CE,11567874,23700.0,2025-10-20,CE,75
NIFTY25O2023700PE,11568130,23700.0,2025-10-20,PE,75
NIFTY25O2023750CE,11568386,23750.0,2025-10-20,CE,75
NIFTY25O2023750PE,11568642,23750.0,2025-10-20,PE,75
NIFTY25O2023800CE,11569154,23800.0,2025-10-20,CE,75
NIFTY25O2023800PE,11569410,23800.0,2025-10-20,PE,75
NIFTY25O2023850CE,11569666,23850.0,2025-10-20,CE,75
NIFTY25O2023850PE,11569922,23850.0,2025-10-20,PE,75
NIFTY25O2023900CE,11570690,23900.0,2025-10-20,CE,75
NIFTY25O2023900PE,11570946,23900.0,2025-10-20,PE,75
NIFTY25O2023950CE,11571202,23950.0,2025-10-20,CE,75
NIFTY25O2023950PE,11571458,23950.0,2025-10-20,PE,75
NIFTY25O2024000CE,11571714,24000.0,2025-10-20,CE,75
NIFTY25O2024000PE,11571970,24000.0,2025-10-20,PE,75
NIFTY25O2024050CE,11572226,24050.0,2025-10-20,CE,75
NIFTY25O2024050PE,11572482,24050.0,2025-10-20,PE,75
NIFTY25O2024100CE,11572738,24100.0,2025-10-20,CE,75
NIFTY25O2024100PE,11572994,24100.0,2025-10-20,PE,75
NIFTY25O2024150CE,11573250,24150.0,2025-10-20,CE,75
NIFTY25O2024150PE,11573506,24150.0,2025-10-20,PE,75
NIFTY25O2024200CE,11573762,24200.0,2025-10-20,CE,75
NIFTY25O2024200PE,11574018,24200.0,2025-10-20,PE,75
NIFTY25O2024250CE,11574274,24250.0,2025-10-20,CE,75
NIFTY25O2024250PE,11574530,24250.0,2025-10-20,PE,75
NIFTY25O2024300CE,11574786,24300.0,2025-10-20,CE,75
NIFTY25O2024300PE,11575042,24300.0,2025-10-20,PE,75
NIFTY25O2024350CE,11575298,24350.0,2025-10-20,CE,75
NIFTY25O2024350PE,11575554,24350.0,2025-10-20,PE,75
NIFTY25O2024400CE,11575810,24400.0,2025-10-20,CE,75
NIFTY25O2024400PE,11576834,24400.0,2025-10-20,PE,75
NIFTY25O2024450CE,11577090,24450.0,2025-10-20,CE,75
NIFTY25O2024450PE,11577346,24450.0,2025-10-20,PE,75
NIFTY25O2024500CE,11577602,24500.0,2025-10-20,CE,75
NIFTY25O2024500PE,11577858,24500.0,2025-10-20,PE,75
NIFTY25O2024550CE,11578114,24550.0,2025-10-20,CE,75
NIFTY25O2024550PE,11578626,24550.0,2025-10-20,PE,75
NIFTY25O2024600CE,11578882,24600.0,2025-10-20,CE,75
NIFTY25O2024600PE,11579138,24600.0,2025-10-20,PE,75
NIFTY25O2024650CE,11579394,24650.0,2025-10-20,CE,75
NIFTY25O2024650PE,11579650,24650.0,2025-10-20,PE,75
NIFTY25O2024700CE,11579906,24700.0,2025-10-20,CE,75
NIFTY25O2024700PE,11580162,24700.0,2025-10-20,PE,75
NIFTY25O2024750CE,11580418,24750.0,2025-10-20,CE,75
NIFTY25O2024750PE,11580674,24750.0,2025-10-20,PE,75
NIFTY25O2024800CE,11580930,24800.0,2025-10-20,CE,75
NIFTY25O2024800PE,11581186,24800.0,2025-10-20,PE,75
NIFTY25O2024850CE,11581442,24850.0,2025-10-20,CE,75
NIFTY25O2024850PE,11582210,24850.0,2025-10-20,PE,75
NIFTY25O2024900CE,11582466,24900.0,2025-10-20,CE,75
NIFTY25O2024900PE,11582722,24900.0,2025-10-20,PE,75
NIFTY25O2024950CE,11582978,24950.0,2025-10-20,CE,75
NIFTY25O2024950PE,11583234,24950.0,2025-10-20,PE,75
NIFTY25O2025000CE,11583490,25000.0,2025-10-20,CE,75
NIFTY25O2025000PE,11583746,25000.0,2025-10-20,PE,75
NIFTY25O2025050CE,11584002,25050.0,2025-10-20,CE,75
NIFTY25O2025050PE,11584258,25050.0,2025-10-20,PE,75
NIFTY25O2025100CE,11584514,25100.0,2025-10-20,CE,75
NIFTY25O2025100PE,11584770,25100.0,2025-10-20,PE,75
NIFTY25O2025150CE,11585026,25150.0,2025-10-20,CE,75
NIFTY25O2025150PE,11585282,25150.0,2025-10-20,PE,75
NIFTY25O2025200CE,11585538,25200.0,2025-10-20,CE,75
NIFTY25O2025200PE,11585794,25200.0,2025-10-20,PE,75
NIFTY25O2025250CE,11586050,25250.0,2025-10-20,CE,75
NIFTY25O2025250PE,11586306,25250.0,2025-10-20,PE,75
NIFTY25O2025300CE,11586562,25300.0,2025-10-20,CE,75
NIFTY25O2025300PE,11586818,25300.0,2025-10-20,PE,75
NIFTY25O2025350CE,11587074,25350.0,2025-10-20,CE,75
NIFTY25O2025350PE,11587330,25350.0,2025-10-20,PE,75
NIFTY25O2025400CE,11587586,25400.0,2025-10-20,CE,75
NIFTY25O2025400PE,11587842,25400.0,2025-10-20,PE,75
NIFTY25O2025450CE,11588098,25450.0,2025-10-20,CE,75
NIFTY25O2025450PE,11588354,25450.0,2025-10-20,PE,75
NIFTY25O2025500CE,11588610,25500.0,2025-10-20,CE,75
NIFTY25O2025500PE,11588866,25500.0,2025-10-20,PE,75
NIFTY25O2025550CE,11589122,25550.0,2025-10-20,CE,75
NIFTY25O2025550PE,11589378,25550.0,2025-10-20,PE,75
NIFTY25O2025600CE,11589634,25600.0,2025-10-20,CE,75
NIFTY25O2025600PE,11590402,25600.0,2025-10-20,PE,75
NIFTY25O2025650CE,11590658,25650.0,2025-10-20,CE,75
NIFTY25O2025650PE,11590914,25650.0,2025-10-20,PE,75
NIFTY25O2025700CE,11591170,25700.0,2025-10-20,CE,75
NIFTY25O2025700PE,11591426,25700.0,2025-10-20,PE,75
NIFTY25O2025750CE,11591682,25750.0,2025-10-20,CE,75
NIFTY25O2025750PE,11591938,25750.0,2025-10-20,PE,75
NIFTY25O2025800CE,11592194,25800.0,2025-10-20,CE,75
NIFTY25O2025800PE,11592450,25800.0,2025-10-20,PE,75
NIFTY25O2025850CE,11592706,25850.0,2025-10-20,CE,75
NIFTY25O2025850PE,11592962,25850.0,2025-10-20,PE,75
NIFTY25O2025900CE,11593218,25900.0,2025-10-20,CE,75
NIFTY25O2025900PE,11593474,25900.0,2025-10-20,PE,75
NIFTY25O2025950CE,11593730,25950.0,2025-10-20,CE,75
NIFTY25O2025950PE,11593986,25950.0,2025-10-20,PE,75
NIFTY25O2026000CE,11594242,26000.0,2025-10-20,CE,75
NIFTY25O2026000PE,11594498,26000.0,2025-10-20,PE,75
NIFTY25O2026050CE,11594754,26050.0,2025-10-20,CE,75
NIFTY25O2026050PE,11595010,26050.0,2025-10-20,PE,75
NIFTY25O2026100CE,11595266,26100.0,2025-10-20,CE,75
NIFTY25O2026100PE,11595522,26100.0,2025-10-20,PE,75
NIFTY25O2026150CE,11595778,26150.0,2025-10-20,CE,75
NIFTY25O2026150PE,11596034,26150.0,2025-10-20,PE,75
NIFTY25O2026200CE,11596290,26200.0,2025-10-20,CE,75
NIFTY25O2026200PE,11597058,26200.0,2025-10-20,PE,75
NIFTY25O2026250CE,11597314,26250.0,2025-10-20,CE,75
NIFTY25O2026250PE,11597570,26250.0,2025-10-20,PE,75
NIFTY25O2026300CE,11597826,26300.0,2025-10-20,CE,75
NIFTY25O2026300PE,11598082,26300.0,2025-10-20,PE,75
NIFTY25O2026350CE,11598338,26350.0,2025-10-20,CE,75
NIFTY25O2026350PE,11598594,26350.0,2025-10-20,PE,75
NIFTY25O2026400CE,11598850,26400.0,2025-10-20,CE,75
NIFTY25O2026400PE,11599106,26400.0,2025-10-20,PE,75
NIFTY25O2026450CE,11599362,26450.0,2025-10-20,CE,75
NIFTY25O2026450PE,11599618,26450.0,2025-10-20,PE,75
NIFTY25O2026500CE,11599874,26500.0,2025-10-20,CE,75
NIFTY25O2026500PE,11600130,26500.0,2025-10-20,PE,75
NIFTY25O2026550CE,11600386,26550.0,2025-10-20,CE,75
NIFTY25O2026550PE,11600642,26550.0,2025-10-20,PE,75
NIFTY25O2026600CE,11600898,26600.0,2025-10-20,CE,75
NIFTY25O2026600PE,11601154,26600.0,2025-10-20,PE,75
NIFTY25O2026650CE,11601410,26650.0,2025-10-20,CE,75
NIFTY25O2026650PE,11601666,26650.0,2025-10-20,PE,75
NIFTY25O2026700CE,11601922,26700.0,2025-10-20,CE,75
NIFTY25O2026700PE,11602178,26700.0,2025-10-20,PE,75
NIFTY25O2026750CE,11602434,26750.0,2025-10-20,CE,75
NIFTY25O2026750PE,11602690,26750.0,2025-10-20,PE,75
NIFTY25O2026800CE,11602946,26800.0,2025-10-20,CE,75
NIFTY25O2026800PE,11603202,26800.0,2025-10-20,PE,75
NIFTY25O2026850CE,11603458,26850.0,2025-10-20,CE,75
NIFTY25O2026850PE,11603714,26850.0,2025-10-20,PE,75
NIFTY25O2026900CE,11603970,26900.0,2025-10-20,CE,75
NIFTY25O2026900PE,11604226,26900.0,2025-10-20,PE,75
NIFTY25O2026950CE,11604482,26950.0,2025-10-20,CE,75
NIFTY25O2026950PE,11604738,26950.0,2025-10-20,PE,75
NIFTY25O2027000CE,11604994,27000.0,2025-10-20,CE,75
NIFTY25O2027000PE,11605250,27000.0,2025-10-20,PE,75
NIFTY25O2027050CE,11605506,27050.0,2025-10-20,CE,75
NIFTY25O2027050PE,11605762,27050.0,2025-10-20,PE,75
NIFTY25O2027100CE,11606018,27100.0,2025-10-20,CE,75
NIFTY25O2027100PE,11606274,27100.0,2025-10-20,PE,75
NIFTY25O2027150CE,11606530,27150.0,2025-10-20,CE,75
NIFTY25O2027150PE,11606786,27150.0,2025-10-20,PE,75
NIFTY25OCT22600CE,15025154,22600.0,2025-10-28,CE,75
NIFTY25OCT22600PE,15026178,22600.0,2025-10-28,PE,75
NIFTY25OCT22650CE,15026434,22650.0,2025-10-28,CE,75
NIFTY25OCT22650PE,15026690,22650.0,2025-10-28,PE,75
NIFTY25OCT22700CE,15026946,22700.0,2025-10-28,CE,75
NIFTY25OCT22700PE,15027202,22700.0,2025-10-28,PE,75
NIFTY25OCT22750CE,15027458,22750.0,2025-10-28,CE,75
NIFTY25OCT22750PE,15029250,22750.0,2025-10-28,PE,75
NIFTY25OCT22800CE,15029506,22800.0,2025-10-28,CE,75
NIFTY25OCT22800PE,15030274,22800.0,2025-10-28,PE,75
NIFTY25OCT22850CE,15030530,22850.0,2025-10-28,CE,75
NIFTY25OCT22850PE,15030786,22850.0,2025-10-28,PE,75
NIFTY25OCT22900CE,15031042,22900.0,2025-10-28,CE,75
NIFTY25OCT22900PE,15031554,22900.0,2025-10-28,PE,75
NIFTY25OCT22950CE,15031810,22950.0,2025-10-28,CE,75
NIFTY25OCT22950PE,15032066,22950.0,2025-10-28,PE,75
NIFTY25OCT23000CE,15032834,23000.0,2025-10-28,CE,75
NIFTY25OCT23000PE,15033090,23000.0,2025-10-28,PE,75
NIFTY25OCT23050CE,15033346,23050.0,2025-10-28,CE,75
NIFTY25OCT23050PE,15033858,23050.0,2025-10-28,PE,75
NIFTY25OCT23100CE,15034114,23100.0,2025-10-28,CE,75
NIFTY25OCT23100PE,15035138,23100.0,2025-10-28,PE,75
NIFTY25OCT23150CE,15035394,23150.0,2025-10-28,CE,75
NIFTY25OCT23150PE,15035650,23150.0,2025-10-28,PE,75
NIFTY25OCT23200CE,15035906,23200.0,2025-10-28,CE,75
NIFTY25OCT23200PE,15036162,23200.0,2025-10-28,PE,75
NIFTY25OCT23250CE,15036418,23250.0,2025-10-28,CE,75
NIFTY25OCT23250PE,15036674,23250.0,2025-10-28,PE,75
NIFTY25OCT23300CE,15036930,23300.0,2025-10-28,CE,75
NIFTY25OCT23300PE,15037186,23300.0,2025-10-28,PE,75
NIFTY25OCT23350CE,15037442,23350.0,2025-10-28,CE,75
NIFTY25OCT23350PE,15037698,23350.0,2025-10-28,PE,75
NIFTY25OCT23400CE,15037954,23400.0,2025-10-28,CE,75
NIFTY25OCT23400PE,15038210,23400.0,2025-10-28,PE,75
NIFTY25OCT23450CE,15038466,23450.0,2025-10-28,CE,75
NIFTY25OCT23450PE,15038722,23450.0,2025-10-28,PE,75
NIFTY25OCT23500CE,15038978,23500.0,2025-10-28,CE,75
NIFTY25OCT23500PE,15039234,23500.0,2025-10-28,PE,75
NIFTY25OCT23550CE,15039490,23550.0,2025-10-28,CE,75
NIFTY25OCT23550PE,15039746,23550.0,2025-10-28,PE,75
NIFTY25OCT23600CE,15040002,23600.0,2025-10-28,CE,75
NIFTY25OCT23600PE,15040770,23600.0,2025-10-28,PE,75
NIFTY25OCT23650CE,15041026,23650.0,2025-10-28,CE,75
NIFTY25OCT23650PE,15041282,23650.0,2025-10-28,PE,75
NIFTY25OCT23700CE,15041538,23700.0,2025-10-28,CE,75
NIFTY25OCT23700PE,15041794,23700.0,2025-10-28,PE,75
NIFTY25OCT23750CE,15042050,23750.0,2025-10-28,CE,75
NIFTY25OCT23750PE,15042306,23750.0,2025-10-28,PE,75
NIFTY25OCT23800CE,15042562,23800.0,2025-10-28,CE,75
NIFTY25OCT23800PE,15042818,23800.0,2025-10-28,PE,75
NIFTY25OCT23850CE,15043074,23850.0,2025-10-28,CE,75
NIFTY25OCT23850PE,15043330,23850.0,2025-10-28,PE,75
NIFTY25OCT23900CE,15043586,23900.0,2025-10-28,CE,75
NIFTY25OCT23900PE,15043842,23900.0,2025-10-28,PE,75
NIFTY25OCT23950CE,15044098,23950.0,2025-10-28,CE,75
NIFTY25OCT23950PE,15044354,23950.0,2025-10-28,PE,75
NIFTY25OCT24000CE,15044610,24000.0,2025-10-28,CE,75
NIFTY25OCT24000PE,15044866,24000.0,2025-10-28,PE,75
NIFTY25OCT24050CE,15045122,24050.0,2025-10-28,CE,75
NIFTY25OCT24050PE,15045378,24050.0,2025-10-28,PE,75
NIFTY25OCT24100CE,15045634,24100.0,2025-10-28,CE,75
NIFTY25OCT24100PE,15045890,24100.0,2025-10-28,PE,75
NIFTY25OCT24150CE,15046146,24150.0,2025-10-28,CE,75
NIFTY25OCT24150PE,15046402,24150.0,2025-10-28,PE,75
NIFTY25OCT24200CE,15046658,24200.0,2025-10-28,CE,75
NIFTY25OCT24200PE,15046914,24200.0,2025-10-28,PE,75
NIFTY25OCT24250CE,15047170,24250.0,2025-10-28,CE,75
NIFTY25OCT24250PE,15047426,24250.0,2025-10-28,PE,75
NIFTY25OCT24300CE,15047682,24300.0,2025-10-28,CE,75
NIFTY25OCT24300PE,15047938,24300.0,2025-10-28,PE,75
NIFTY25OCT24350CE,15048194,24350.0,2025-10-28,CE,75
NIFTY25OCT24350PE,15048450,24350.0,2025-10-28,PE,75
NIFTY25OCT24400CE,15048706,24400.0,2025-10-28,CE,75
NIFTY25OCT24400PE,15048962,24400.0,2025-10-28,PE,75
NIFTY25OCT24450CE,15049218,24450.0,2025-10-28,CE,75
NIFTY25OCT24450PE,15049474,24450.0,2025-10-28,PE,75
NIFTY25OCT24500CE,15050754,24500.0,2025-10-28,CE,75
NIFTY25OCT24500PE,15051010,24500.0,2025-10-28,PE,75
NIFTY25OCT24550CE,15051266,24550.0,2025-10-28,CE,75
NIFTY25OCT24550PE,15058178,24550.0,2025-10-28,PE,75
NIFTY25OCT24600CE,15058434,24600.0,2025-10-28,CE,75
NIFTY25OCT24600PE,15068162,24600.0,2025-10-28,PE,75
NIFTY25OCT24650CE,15069698,24650.0,2025-10-28,CE,75
NIFTY25OCT24650PE,15069954,24650.0,2025-10-28,PE,75
NIFTY25OCT24700CE,15070210,24700.0,2025-10-28,CE,75
NIFTY25OCT24700PE,15076866,24700.0,2025-10-28,PE,75
NIFTY25OCT24750CE,15077122,24750.0,2025-10-28,CE,75
NIFTY25OCT24750PE,15077378,24750.0,2025-10-28,PE,75
NIFTY25OCT24800CE,15077634,24800.0,2025-10-28,CE,75
NIFTY25OCT24800PE,15077890,24800.0,2025-10-28,PE,75
NIFTY25OCT24850CE,15078146,24850.0,2025-10-28,CE,75
NIFTY25OCT24850PE,15078402,24850.0,2025-10-28,PE,75
NIFTY25OCT24900CE,15078658,24900.0,2025-10-28,CE,75
NIFTY25OCT24900PE,15078914,24900.0,2025-10-28,PE,75
NIFTY25OCT24950CE,15080194,24950.0,2025-10-28,CE,75
NIFTY25OCT24950PE,15080450,24950.0,2025-10-28,PE,75
NIFTY25OCT25000CE,15080706,25000.0,2025-10-28,CE,75
NIFTY25OCT25000PE,15080962,25000.0,2025-10-28,PE,75
NIFTY25OCT25050CE,15081218,25050.0,2025-10-28,CE,75
NIFTY25OCT25050PE,15083522,25050.0,2025-10-28,PE,75
NIFTY25OCT25100CE,15083778,25100.0,2025-10-28,CE,75
NIFTY25OCT25100PE,15084034,25100.0,2025-10-28,PE,75
NIFTY25OCT25150CE,15084290,25150.0,2025-10-28,CE,75
NIFTY25OCT25150PE,15084546,25150.0,2025-10-28,PE,75
NIFTY25OCT25200CE,15084802,25200.0,2025-10-28,CE,75
NIFTY25OCT25200PE,15085058,25200.0,2025-10-28,PE,75
NIFTY25OCT25250CE,15085314,25250.0,2025-10-28,CE,75
NIFTY25OCT25250PE,15085570,25250.0,2025-10-28,PE,75
NIFTY25OCT25300CE,15085826,25300.0,2025-10-28,CE,75
NIFTY25OCT25300PE,15086082,25300.0,2025-10-28,PE,75
NIFTY25OCT25350CE,15086338,25350.0,2025-10-28,CE,75
NIFTY25OCT25350PE,15086594,25350.0,2025-10-28,PE,75
NIFTY25OCT25400CE,15087106,25400.0,2025-10-28,CE,75
NIFTY25OCT25400PE,15087362,25400.0,2025-10-28,PE,75
NIFTY25OCT25450CE,15087618,25450.0,2025-10-28,CE,75
NIFTY25OCT25450PE,15087874,25450.0,2025-10-28,PE,75
NIFTY25OCT25500CE,15088130,25500.0,2025-10-28,CE,75
NIFTY25OCT25500PE,15088386,25500.0,2025-10-28,PE,75
NIFTY25OCT25550CE,15090178,25550.0,2025-10-28,CE,75
NIFTY25OCT25550PE,15090946,25550.0,2025-10-28,PE,75
NIFTY25OCT25600CE,15091458,25600.0,2025-10-28,CE,75
NIFTY25OCT25600PE,15091714,25600.0,2025-10-28,PE,75
NIFTY25OCT25650CE,15091970,25650.0,2025-10-28,CE,75
NIFTY25OCT25650PE,15092226,25650.0,2025-10-28,PE,75
NIFTY25OCT25700CE,15092738,25700.0,2025-10-28,CE,75
NIFTY25OCT25700PE,15093506,25700.0,2025-10-28,PE,75
NIFTY25OCT25750CE,15093762,25750.0,2025-10-28,CE,75
NIFTY25OCT25750PE,15094274,25750.0,2025-10-28,PE,75
NIFTY25OCT25800CE,15094530,25800.0,2025-10-28,CE,75
NIFTY25OCT25800PE,15095042,25800.0,2025-10-28,PE,75
NIFTY25OCT25850CE,15096322,25850.0,2025-10-28,CE,75
NIFTY25OCT25850PE,15097090,25850.0,2025-10-28,PE,75
NIFTY25OCT25900CE,15097346,25900.0,2025-10-28,CE,75
NIFTY25OCT25900PE,15103234,25900.0,2025-10-28,PE,75
NIFTY25OCT25950CE,15103490,25950.0,2025-10-28,CE,75
NIFTY25OCT25950PE,15104770,25950.0,2025-10-28,PE,75
NIFTY25OCT26000CE,15105026,26000.0,2025-10-28,CE,75
NIFTY25OCT26000PE,15105282,26000.0,2025-10-28,PE,75
NIFTY25OCT26050CE,15106562,26050.0,2025-10-28,CE,75
NIFTY25OCT26050PE,15106818,26050.0,2025-10-28,PE,75
NIFTY25OCT26100CE,15109634,26100.0,2025-10-28,CE,75
NIFTY25OCT26100PE,15109890,26100.0,2025-10-28,PE,75
NIFTY25OCT26150CE,15110658,26150.0,2025-10-28,CE,75
NIFTY25OCT26150PE,15110914,26150.0,2025-10-28,PE,75
NIFTY25OCT26200CE,15112450,26200.0,2025-10-28,CE,75
NIFTY25OCT26200PE,15112706,26200.0,2025-10-28,PE,75
NIFTY25OCT26250CE,15113474,26250.0,2025-10-28,CE,75
NIFTY25OCT26250PE,15113730,26250.0,2025-10-28,PE,75
NIFTY25OCT26300CE,15113986,26300.0,2025-10-28,CE,75
NIFTY25OCT26300PE,15114242,26300.0,2025-10-28,PE,75
NIFTY25OCT26350CE,15114498,26350.0,2025-10-28,CE,75
NIFTY25OCT26350PE,15114754,26350.0,2025-10-28,PE,75
NIFTY25OCT26400CE,15115266,26400.0,2025-10-28,CE,75
NIFTY25OCT26400PE,15115522,26400.0,2025-10-28,PE,75
NIFTY25OCT26450CE,15115778,26450.0,2025-10-28,CE,75
NIFTY25OCT26450PE,15116034,26450.0,2025-10-28,PE,75
NIFTY25OCT26500CE,15117826,26500.0,2025-10-28,CE,75
NIFTY25OCT26500PE,15118082,26500.0,2025-10-28,PE,75
NIFTY25OCT26550CE,15118850,26550.0,2025-10-28,CE,75
NIFTY25OCT26550PE,15119106,26550.0,2025-10-28,PE,75
NIFTY25OCT26600CE,15126530,26600.0,2025-10-28,CE,75
NIFTY25OCT26600PE,15126786,26600.0,2025-10-28,PE,75
NIFTY25OCT26650CE,15127554,26650.0,2025-10-28,CE,75
NIFTY25OCT26650PE,15127810,26650.0,2025-10-28,PE,75
NIFTY25OCT26700CE,15129346,26700.0,2025-10-28,CE,75
NIFTY25OCT26700PE,15129602,26700.0,2025-10-28,PE,75
NIFTY25OCT26750CE,15129858,26750.0,2025-10-28,CE,75
NIFTY25OCT26750PE,15130114,26750.0,2025-10-28,PE,75
NIFTY25OCT26800CE,15130370,26800.0,2025-10-28,CE,75
NIFTY25OCT26800PE,15130626,26800.0,2025-10-28,PE,75
NIFTY25OCT26850CE,15130882,26850.0,2025-10-28,CE,75
NIFTY25OCT26850PE,15131138,26850.0,2025-10-28,PE,75
NIFTY25OCT26900CE,15131394,26900.0,2025-10-28,CE,75
NIFTY25OCT26900PE,15131650,26900.0,2025-10-28,PE,75
NIFTY25OCT26950CE,15131906,26950.0,2025-10-28,CE,75
NIFTY25OCT26950PE,15132162,26950.0,2025-10-28,PE,75
NIFTY25OCT27000CE,15132418,27000.0,2025-10-28,CE,75
NIFTY25OCT27000PE,15132674,27000.0,2025-10-28,PE,75
NIFTY25OCT27050CE,15132930,27050.0,2025-10-28,CE,75
NIFTY25OCT27050PE,15133186,27050.0,2025-10-28,PE,75
NIFTY25OCT27100CE,15133442,27100.0,2025-10-28,CE,75
NIFTY25OCT27100PE,15133698,27100.0,2025-10-28,PE,75
NIFTY25OCT27150CE,15133954,27150.0,2025-10-28,CE,75
NIFTY25OCT27150PE,15134210,27150.0,2025-10-28,PE,75
NIFTY25N0422850CE,12103938,22850.0,2025-11-04,CE,75
NIFTY25N0422850PE,12105474,22850.0,2025-11-04,PE,75
NIFTY25N0422900CE,12105730,22900.0,2025-11-04,CE,75
NIFTY25N0422900PE,12120066,22900.0,2025-11-04,PE,75
NIFTY25N0422950CE,12120322,22950.0,2025-11-04,CE,75
NIFTY25N0422950PE,12120578,22950.0,2025-11-04,PE,75
NIFTY25N0423000CE,12120834,23000.0,2025-11-04,CE,75
NIFTY25N0423000PE,12122882,23000.0,2025-11-04,PE,75
NIFTY25N0423050CE,12123138,23050.0,2025-11-04,CE,75
NIFTY25N0423050PE,12127234,23050.0,2025-11-04,PE,75
NIFTY25N0423100CE,12127490,23100.0,2025-11-04,CE,75
NIFTY25N0423100PE,12130818,23100.0,2025-11-04,PE,75
NIFTY25N0423150CE,12131074,23150.0,2025-11-04,CE,75
NIFTY25N0423150PE,12131330,23150.0,2025-11-04,PE,75
NIFTY25N0423200CE,12131842,23200.0,2025-11-04,CE,75
NIFTY25N0423200PE,12132098,23200.0,2025-11-04,PE,75
NIFTY25N0423250CE,12133890,23250.0,2025-11-04,CE,75
NIFTY25N0423250PE,12134402,23250.0,2025-11-04,PE,75
NIFTY25N0423300CE,12134658,23300.0,2025-11-04,CE,75
NIFTY25N0423300PE,12135682,23300.0,2025-11-04,PE,75
NIFTY25N0423350CE,12135938,23350.0,2025-11-04,CE,75
NIFTY25N0423350PE,12136194,23350.0,2025-11-04,PE,75
NIFTY25N0423400CE,12136962,23400.0,2025-11-04,CE,75
NIFTY25N0423400PE,12137218,23400.0,2025-11-04,PE,75
NIFTY25N0423450CE,12137730,23450.0,2025-11-04,CE,75
NIFTY25N0423450PE,12138754,23450.0,2025-11-04,PE,75
NIFTY25N0423500CE,12139010,23500.0,2025-11-04,CE,75
NIFTY25N0423500PE,12139266,23500.0,2025-11-04,PE,75
NIFTY25N0423550CE,12140546,23550.0,2025-11-04,CE,75
NIFTY25N0423550PE,12140802,23550.0,2025-11-04,PE,75
NIFTY25N0423600CE,12141058,23600.0,2025-11-04,CE,75
NIFTY25N0423600PE,12141314,23600.0,2025-11-04,PE,75
NIFTY25N0423650CE,12141826,23650.0,2025-11-04,CE,75
NIFTY25N0423650PE,12142082,23650.0,2025-11-04,PE,75
NIFTY25N0423700CE,12142338,23700.0,2025-11-04,CE,75
NIFTY25N0423700PE,12142594,23700.0,2025-11-04,PE,75
NIFTY25N0423750CE,12142850,23750.0,2025-11-04,CE,75
NIFTY25N0423750PE,12143618,23750.0,2025-11-04,PE,75
NIFTY25N0423800CE,12144130,23800.0,2025-11-04,CE,75
NIFTY25N0423800PE,12144386,23800.0,2025-11-04,PE,75
NIFTY25N0423850CE,12144642,23850.0,2025-11-04,CE,75
NIFTY25N0423850PE,12144898,23850.0,2025-11-04,PE,75
NIFTY25N0423900CE,12146690,23900.0,2025-11-04,CE,75
NIFTY25N0423900PE,12147458,23900.0,2025-11-04,PE,75
NIFTY25N0423950CE,12148994,23950.0,2025-11-04,CE,75
NIFTY25N0423950PE,12150786,23950.0,2025-11-04,PE,75
NIFTY25N0424000CE,12152322,24000.0,2025-11-04,CE,75
NIFTY25N0424000PE,12152578,24000.0,2025-11-04,PE,75
NIFTY25N0424050CE,12154114,24050.0,2025-11-04,CE,75
NIFTY25N0424050PE,12154626,24050.0,2025-11-04,PE,75
NIFTY25N0424100CE,12154882,24100.0,2025-11-04,CE,75
NIFTY25N0424100PE,12155138,24100.0,2025-11-04,PE,75
NIFTY25N0424150CE,12155394,24150.0,2025-11-04,CE,75
NIFTY25N0424150PE,12155906,24150.0,2025-11-04,PE,75
NIFTY25N0424200CE,12156162,24200.0,2025-11-04,CE,75
NIFTY25N0424200PE,12156418,24200.0,2025-11-04,PE,75
NIFTY25N0424250CE,12156674,24250.0,2025-11-04,CE,75
NIFTY25N0424250PE,12156930,24250.0,2025-11-04,PE,75
NIFTY25N0424300CE,12158978,24300.0,2025-11-04,CE,75
NIFTY25N0424300PE,12160514,24300.0,2025-11-04,PE,75
NIFTY25N0424350CE,12160770,24350.0,2025-11-04,CE,75
NIFTY25N0424350PE,12161282,24350.0,2025-11-04,PE,75
NIFTY25N0424400CE,12161538,24400.0,2025-11-04,CE,75
NIFTY25N0424400PE,12162050,24400.0,2025-11-04,PE,75
NIFTY25N0424450CE,12162562,24450.0,2025-11-04,CE,75
NIFTY25N0424450PE,12162818,24450.0,2025-11-04,PE,75
NIFTY25N0424500CE,12163586,24500.0,2025-11-04,CE,75
NIFTY25N0424500PE,12169986,24500.0,2025-11-04,PE,75
NIFTY25N0424550CE,12170242,24550.0,2025-11-04,CE,75
NIFTY25N0424550PE,12170498,24550.0,2025-11-04,PE,75
NIFTY25N0424600CE,12172034,24600.0,2025-11-04,CE,75
NIFTY25N0424600PE,12173570,24600.0,2025-11-04,PE,75
NIFTY25N0424650CE,12175874,24650.0,2025-11-04,CE,75
NIFTY25N0424650PE,12176130,24650.0,2025-11-04,PE,75
NIFTY25N0424700CE,12178946,24700.0,2025-11-04,CE,75
NIFTY25N0424700PE,12179202,24700.0,2025-11-04,PE,75
NIFTY25N0424750CE,12179458,24750.0,2025-11-04,CE,75
NIFTY25N0424750PE,12179714,24750.0,2025-11-04,PE,75
NIFTY25N0424800CE,12180994,24800.0,2025-11-04,CE,75
NIFTY25N0424800PE,12181250,24800.0,2025-11-04,PE,75
NIFTY25N0424850CE,12181506,24850.0,2025-11-04,CE,75
NIFTY25N0424850PE,12181762,24850.0,2025-11-04,PE,75
NIFTY25N0424900CE,12182274,24900.0,2025-11-04,CE,75
NIFTY25N0424900PE,12184066,24900.0,2025-11-04,PE,75
NIFTY25N0424950CE,12184578,24950.0,2025-11-04,CE,75
NIFTY25N0424950PE,12185602,24950.0,2025-11-04,PE,75
NIFTY25N0425000CE,12186114,25000.0,2025-11-04,CE,75
NIFTY25N0425000PE,12186370,25000.0,2025-11-04,PE,75
NIFTY25N0425050CE,12186626,25050.0,2025-11-04,CE,75
NIFTY25N0425050PE,12186882,25050.0,2025-11-04,PE,75
NIFTY25N0425100CE,12188674,25100.0,2025-11-04,CE,75
NIFTY25N0425100PE,12188930,25100.0,2025-11-04,PE,75
NIFTY25N0425150CE,12189186,25150.0,2025-11-04,CE,75
NIFTY25N0425150PE,12192002,25150.0,2025-11-04,PE,75
NIFTY25N0425200CE,12192258,25200.0,2025-11-04,CE,75
NIFTY25N0425200PE,12193026,25200.0,2025-11-04,PE,75
NIFTY25N0425250CE,12193282,25250.0,2025-11-04,CE,75
NIFTY25N0425250PE,12193538,25250.0,2025-11-04,PE,75
NIFTY25N0425300CE,12193794,25300.0,2025-11-04,CE,75
NIFTY25N0425300PE,12194562,25300.0,2025-11-04,PE,75
NIFTY25N0425350CE,12194818,25350.0,2025-11-04,CE,75
NIFTY25N0425350PE,12195074,25350.0,2025-11-04,PE,75
NIFTY25N0425400CE,12195330,25400.0,2025-11-04,CE,75
NIFTY25N0425400PE,12196610,25400.0,2025-11-04,PE,75
NIFTY25N0425450CE,12196866,25450.0,2025-11-04,CE,75
NIFTY25N0425450PE,12197122,25450.0,2025-11-04,PE,75
NIFTY25N0425500CE,12197378,25500.0,2025-11-04,CE,75
NIFTY25N0425500PE,12197634,25500.0,2025-11-04,PE,75
NIFTY25N0425550CE,12197890,25550.0,2025-11-04,CE,75
NIFTY25N0425550PE,12198658,25550.0,2025-11-04,PE,75
NIFTY25N0425600CE,12198914,25600.0,2025-11-04,CE,75
NIFTY25N0425600PE,12200706,25600.0,2025-11-04,PE,75
NIFTY25N0425650CE,12200962,25650.0,2025-11-04,CE,75
NIFTY25N0425650PE,12201730,25650.0,2025-11-04,PE,75
NIFTY25N0425700CE,12201986,25700.0,2025-11-04,CE,75
NIFTY25N0425700PE,12202754,25700.0,2025-11-04,PE,75
NIFTY25N0425750CE,12203010,25750.0,2025-11-04,CE,75
NIFTY25N0425750PE,12203266,25750.0,2025-11-04,PE,75
NIFTY25N0425800CE,12203522,25800.0,2025-11-04,CE,75
NIFTY25N0425800PE,12203778,25800.0,2025-11-04,PE,75
NIFTY25N0425850CE,12204034,25850.0,2025-11-04,CE,75
NIFTY25N0425850PE,12204802,25850.0,2025-11-04,PE,75
NIFTY25N0425900CE,12205058,25900.0,2025-11-04,CE,75
NIFTY25N0425900PE,12205314,25900.0,2025-11-04,PE,75
NIFTY25N0425950CE,12205570,25950.0,2025-11-04,CE,75
NIFTY25N0425950PE,12205826,25950.0,2025-11-04,PE,75
NIFTY25N0426000CE,12206082,26000.0,2025-11-04,CE,75
NIFTY25N0426000PE,12208898,26000.0,2025-11-04,PE,75
NIFTY25N0426050CE,12209154,26050.0,2025-11-04,CE,75
NIFTY25N0426050PE,12209410,26050.0,2025-11-04,PE,75
NIFTY25N0426100CE,12209666,26100.0,2025-11-04,CE,75
NIFTY25N0426100PE,12210690,26100.0,2025-11-04,PE,75
NIFTY25N0426150CE,12210946,26150.0,2025-11-04,CE,75
NIFTY25N0426150PE,12212482,26150.0,2025-11-04,PE,75
NIFTY25N0426200CE,12212738,26200.0,2025-11-04,CE,75
NIFTY25N0426200PE,12212994,26200.0,2025-11-04,PE,75
NIFTY25N0426250CE,12213250,26250.0,2025-11-04,CE,75
NIFTY25N0426250PE,12213506,26250.0,2025-11-04,PE,75
NIFTY25N0426300CE,12213762,26300.0,2025-11-04,CE,75
NIFTY25N0426300PE,12216578,26300.0,2025-11-04,PE,75
NIFTY25N0426350CE,12216834,26350.0,2025-11-04,CE,75
NIFTY25N0426350PE,12217602,26350.0,2025-11-04,PE,75
NIFTY25N0426400CE,12217858,26400.0,2025-11-04,CE,75
NIFTY25N0426400PE,12218114,26400.0,2025-11-04,PE,75
NIFTY25N0426450CE,12218370,26450.0,2025-11-04,CE,75
NIFTY25N0426450PE,12219138,26450.0,2025-11-04,PE,75
NIFTY25N0426500CE,12219394,26500.0,2025-11-04,CE,75
NIFTY25N0426500PE,12220162,26500.0,2025-11-04,PE,75
NIFTY25N0426550CE,12220418,26550.0,2025-11-04,CE,75
NIFTY25N0426550PE,12220674,26550.0,2025-11-04,PE,75
NIFTY25N0426600CE,12220930,26600.0,2025-11-04,CE,75
NIFTY25N0426600PE,12222210,26600.0,2025-11-04,PE,75
NIFTY25N0426650CE,12222466,26650.0,2025-11-04,CE,75
NIFTY25N0426650PE,12223234,26650.0,2025-11-04,PE,75
NIFTY25N0426700CE,12223490,26700.0,2025-11-04,CE,75
NIFTY25N0426700PE,12223746,26700.0,2025-11-04,PE,75
NIFTY25N0426750CE,12224002,26750.0,2025-11-04,CE,75
NIFTY25N0426750PE,12228354,26750.0,2025-11-04,PE,75
NIFTY25N0426800CE,12228610,26800.0,2025-11-04,CE,75
NIFTY25N0426800PE,12228866,26800.0,2025-11-04,PE,75
NIFTY25N0426850CE,12229122,26850.0,2025-11-04,CE,75
NIFTY25N0426850PE,12230402,26850.0,2025-11-04,PE,75
NIFTY25N0426900CE,12230658,26900.0,2025-11-04,CE,75
NIFTY25N0426900PE,12232450,26900.0,2025-11-04,PE,75
NIFTY25NOV22700CE,13423362,22700.0,2025-11-25,CE,75
NIFTY25NOV22700PE,13423618,22700.0,2025-11-25,PE,75
NIFTY25NOV22750CE,13423874,22750.0,2025-11-25,CE,75
NIFTY25NOV22750PE,13424130,22750.0,2025-11-25,PE,75
NIFTY25NOV22800CE,13426434,22800.0,2025-11-25,CE,75
NIFTY25NOV22800PE,13427202,22800.0,2025-11-25,PE,75
NIFTY25NOV22850CE,13427458,22850.0,2025-11-25,CE,75
NIFTY25NOV22850PE,13427714,22850.0,2025-11-25,PE,75
NIFTY25NOV22900CE,13431554,22900.0,2025-11-25,CE,75
NIFTY25NOV22900PE,13431810,22900.0,2025-11-25,PE,75
NIFTY25NOV22950CE,13432066,22950.0,2025-11-25,CE,75
NIFTY25NOV22950PE,13432834,22950.0,2025-11-25,PE,75
NIFTY25NOV23000CE,13433090,23000.0,2025-11-25,CE,75
NIFTY25NOV23000PE,13434114,23000.0,2025-11-25,PE,75
NIFTY25NOV23050CE,13434370,23050.0,2025-11-25,CE,75
NIFTY25NOV23050PE,13434626,23050.0,2025-11-25,PE,75
NIFTY25NOV23100CE,13434882,23100.0,2025-11-25,CE,75
NIFTY25NOV23100PE,13435138,23100.0,2025-11-25,PE,75
NIFTY25NOV23150CE,13447170,23150.0,2025-11-25,CE,75
NIFTY25NOV23150PE,13447426,23150.0,2025-11-25,PE,75
NIFTY25NOV23200CE,13447682,23200.0,2025-11-25,CE,75
NIFTY25NOV23200PE,13448962,23200.0,2025-11-25,PE,75
NIFTY25NOV23250CE,13449218,23250.0,2025-11-25,CE,75
NIFTY25NOV23250PE,13449474,23250.0,2025-11-25,PE,75
NIFTY25NOV23300CE,13450242,23300.0,2025-11-25,CE,75
NIFTY25NOV23300PE,13450498,23300.0,2025-11-25,PE,75
NIFTY25NOV23350CE,13451778,23350.0,2025-11-25,CE,75
NIFTY25NOV23350PE,13452034,23350.0,2025-11-25,PE,75
NIFTY25NOV23400CE,13452802,23400.0,2025-11-25,CE,75
NIFTY25NOV23400PE,13453058,23400.0,2025-11-25,PE,75
NIFTY25NOV23450CE,13456386,23450.0,2025-11-25,CE,75
NIFTY25NOV23450PE,13456642,23450.0,2025-11-25,PE,75
NIFTY25NOV23500CE,13460994,23500.0,2025-11-25,CE,75
NIFTY25NOV23500PE,13461250,23500.0,2025-11-25,PE,75
NIFTY25NOV23550CE,13466114,23550.0,2025-11-25,CE,75
NIFTY25NOV23550PE,13466370,23550.0,2025-11-25,PE,75
NIFTY25NOV23600CE,13467650,23600.0,2025-11-25,CE,75
NIFTY25NOV23600PE,13467906,23600.0,2025-11-25,PE,75
NIFTY25NOV23650CE,13468162,23650.0,2025-11-25,CE,75
NIFTY25NOV23650PE,13468930,23650.0,2025-11-25,PE,75
NIFTY25NOV23700CE,13469698,23700.0,2025-11-25,CE,75
NIFTY25NOV23700PE,13469954,23700.0,2025-11-25,PE,75
NIFTY25NOV23750CE,13470210,23750.0,2025-11-25,CE,75
NIFTY25NOV23750PE,13470466,23750.0,2025-11-25,PE,75
NIFTY25NOV23800CE,13472258,23800.0,2025-11-25,CE,75
NIFTY25NOV23800PE,13472514,23800.0,2025-11-25,PE,75
NIFTY25NOV23850CE,13472770,23850.0,2025-11-25,CE,75
NIFTY25NOV23850PE,13473026,23850.0,2025-11-25,PE,75
NIFTY25NOV23900CE,13473282,23900.0,2025-11-25,CE,75
NIFTY25NOV23900PE,13475586,23900.0,2025-11-25,PE,75
NIFTY25NOV23950CE,13477122,23950.0,2025-11-25,CE,75
NIFTY25NOV23950PE,13477378,23950.0,2025-11-25,PE,75
NIFTY25NOV24000CE,13478402,24000.0,2025-11-25,CE,75
NIFTY25NOV24000PE,13478658,24000.0,2025-11-25,PE,75
NIFTY25NOV24050CE,13479938,24050.0,2025-11-25,CE,75
NIFTY25NOV24050PE,13480194,24050.0,2025-11-25,PE,75
NIFTY25NOV24100CE,13481986,24100.0,2025-11-25,CE,75
NIFTY25NOV24100PE,13482242,24100.0,2025-11-25,PE,75
NIFTY25NOV24150CE,13482498,24150.0,2025-11-25,CE,75
NIFTY25NOV24150PE,13482754,24150.0,2025-11-25,PE,75
NIFTY25NOV24200CE,13486082,24200.0,2025-11-25,CE,75
NIFTY25NOV24200PE,13489154,24200.0,2025-11-25,PE,75
NIFTY25NOV24250CE,13489410,24250.0,2025-11-25,CE,75
NIFTY25NOV24250PE,13490178,24250.0,2025-11-25,PE,75
NIFTY25NOV24300CE,13490434,24300.0,2025-11-25,CE,75
NIFTY25NOV24300PE,13493250,24300.0,2025-11-25,PE,75
NIFTY25NOV24350CE,13493506,24350.0,2025-11-25,CE,75
NIFTY25NOV24350PE,13493762,24350.0,2025-11-25,PE,75
NIFTY25NOV24400CE,13494018,24400.0,2025-11-25,CE,75
NIFTY25NOV24400PE,13496322,24400.0,2025-11-25,PE,75
NIFTY25NOV24450CE,13496578,24450.0,2025-11-25,CE,75
NIFTY25NOV24450PE,13496834,24450.0,2025-11-25,PE,75
NIFTY25NOV24500CE,13497602,24500.0,2025-11-25,CE,75
NIFTY25NOV24500PE,13498882,24500.0,2025-11-25,PE,75
NIFTY25NOV24550CE,13499138,24550.0,2025-11-25,CE,75
NIFTY25NOV24550PE,13503490,24550.0,2025-11-25,PE,75
NIFTY25NOV24600CE,13503746,24600.0,2025-11-25,CE,75
NIFTY25NOV24600PE,13506050,24600.0,2025-11-25,PE,75
NIFTY25NOV24650CE,13506306,24650.0,2025-11-25,CE,75
NIFTY25NOV24650PE,13506562,24650.0,2025-11-25,PE,75
NIFTY25NOV24700CE,13506818,24700.0,2025-11-25,CE,75
NIFTY25NOV24700PE,13507074,24700.0,2025-11-25,PE,75
NIFTY25NOV24750CE,13507330,24750.0,2025-11-25,CE,75
NIFTY25NOV24750PE,13508098,24750.0,2025-11-25,PE,75
NIFTY25NOV24800CE,13508354,24800.0,2025-11-25,CE,75
NIFTY25NOV24800PE,13508610,24800.0,2025-11-25,PE,75
NIFTY25NOV24850CE,13508866,24850.0,2025-11-25,CE,75
NIFTY25NOV24850PE,13510146,24850.0,2025-11-25,PE,75
NIFTY25NOV24900CE,13510402,24900.0,2025-11-25,CE,75
NIFTY25NOV24900PE,13511170,24900.0,2025-11-25,PE,75
NIFTY25NOV24950CE,13511426,24950.0,2025-11-25,CE,75
NIFTY25NOV24950PE,13513218,24950.0,2025-11-25,PE,75
NIFTY25NOV25000CE,13513474,25000.0,2025-11-25,CE,75
NIFTY25NOV25000PE,13515778,25000.0,2025-11-25,PE,75
NIFTY25NOV25050CE,13516034,25050.0,2025-11-25,CE,75
NIFTY25NOV25050PE,13516802,25050.0,2025-11-25,PE,75
NIFTY25NOV25100CE,13517058,25100.0,2025-11-25,CE,75
NIFTY25NOV25100PE,13517314,25100.0,2025-11-25,PE,75
NIFTY25NOV25150CE,13517570,25150.0,2025-11-25,CE,75
NIFTY25NOV25150PE,13517826,25150.0,2025-11-25,PE,75
NIFTY25NOV25200CE,13518082,25200.0,2025-11-25,CE,75
NIFTY25NOV25200PE,13519874,25200.0,2025-11-25,PE,75
NIFTY25NOV25250CE,13520130,25250.0,2025-11-25,CE,75
NIFTY25NOV25250PE,13523970,25250.0,2025-11-25,PE,75
NIFTY25NOV25300CE,13524226,25300.0,2025-11-25,CE,75
NIFTY25NOV25300PE,13524482,25300.0,2025-11-25,PE,75
NIFTY25NOV25350CE,13524738,25350.0,2025-11-25,CE,75
NIFTY25NOV25350PE,13526530,25350.0,2025-11-25,PE,75
NIFTY25NOV25400CE,13526786,25400.0,2025-11-25,CE,75
NIFTY25NOV25400PE,13529090,25400.0,2025-11-25,PE,75
NIFTY25NOV25450CE,13529346,25450.0,2025-11-25,CE,75
NIFTY25NOV25450PE,13529602,25450.0,2025-11-25,PE,75
NIFTY25NOV25500CE,13529858,25500.0,2025-11-25,CE,75
NIFTY25NOV25500PE,13530626,25500.0,2025-11-25,PE,75
NIFTY25NOV25550CE,13530882,25550.0,2025-11-25,CE,75
NIFTY25NOV25550PE,13531138,25550.0,2025-11-25,PE,75
NIFTY25NOV25600CE,13531394,25600.0,2025-11-25,CE,75
NIFTY25NOV25600PE,13531650,25600.0,2025-11-25,PE,75
NIFTY25NOV25650CE,13531906,25650.0,2025-11-25,CE,75
NIFTY25NOV25650PE,13532162,25650.0,2025-11-25,PE,75
NIFTY25NOV25700CE,13532418,25700.0,2025-11-25,CE,75
NIFTY25NOV25700PE,13536258,25700.0,2025-11-25,PE,75
NIFTY25NOV25750CE,13536514,25750.0,2025-11-25,CE,75
NIFTY25NOV25750PE,13537282,25750.0,2025-11-25,PE,75
NIFTY25NOV25800CE,13537538,25800.0,2025-11-25,CE,75
NIFTY25NOV25800PE,13539330,25800.0,2025-11-25,PE,75
NIFTY25NOV25850CE,13539586,25850.0,2025-11-25,CE,75
NIFTY25NOV25850PE,13541378,25850.0,2025-11-25,PE,75
NIFTY25NOV25900CE,13541634,25900.0,2025-11-25,CE,75
NIFTY25NOV25900PE,13541890,25900.0,2025-11-25,PE,75
NIFTY25NOV25950CE,13542146,25950.0,2025-11-25,CE,75
NIFTY25NOV25950PE,13544962,25950.0,2025-11-25,PE,75
NIFTY25NOV26000CE,13545218,26000.0,2025-11-25,CE,75
NIFTY25NOV26000PE,13550338,26000.0,2025-11-25,PE,75
NIFTY25NOV26050CE,13550594,26050.0,2025-11-25,CE,75
NIFTY25NOV26050PE,13555458,26050.0,2025-11-25,PE,75
NIFTY25NOV26100CE,13555714,26100.0,2025-11-25,CE,75
NIFTY25NOV26100PE,13562370,26100.0,2025-11-25,PE,75
NIFTY25NOV26150CE,13562626,26150.0,2025-11-25,CE,75
NIFTY25NOV26150PE,13568770,26150.0,2025-11-25,PE,75
NIFTY25NOV26200CE,13573890,26200.0,2025-11-25,CE,75
NIFTY25NOV26200PE,13574146,26200.0,2025-11-25,PE,75
NIFTY25NOV26250CE,13574402,26250.0,2025-11-25,CE,75
NIFTY25NOV26250PE,13574658,26250.0,2025-11-25,PE,75
NIFTY25NOV26300CE,13574914,26300.0,2025-11-25,CE,75
NIFTY25NOV26300PE,13581570,26300.0,2025-11-25,PE,75
NIFTY25NOV26350CE,13581826,26350.0,2025-11-25,CE,75
NIFTY25NOV26350PE,13614850,26350.0,2025-11-25,PE,75
NIFTY25NOV26400CE,13615106,26400.0,2025-11-25,CE,75
NIFTY25NOV26400PE,13618434,26400.0,2025-11-25,PE,75
NIFTY25NOV26450CE,13618690,26450.0,2025-11-25,CE,75
NIFTY25NOV26450PE,13622530,26450.0,2025-11-25,PE,75
NIFTY25NOV26500CE,13622786,26500.0,2025-11-25,CE,75
NIFTY25NOV26500PE,13623042,26500.0,2025-11-25,PE,75
NIFTY25NOV26550CE,13623298,26550.0,2025-11-25,CE,75
NIFTY25NOV26550PE,13623554,26550.0,2025-11-25,PE,75
NIFTY25NOV26600CE,13623810,26600.0,2025-11-25,CE,75
NIFTY25NOV26600PE,13624066,26600.0,2025-11-25,PE,75
NIFTY25NOV26650CE,13624322,26650.0,2025-11-25,CE,75
NIFTY25NOV26650PE,13624578,26650.0,2025-11-25,PE,75
NIFTY25NOV26700CE,13624834,26700.0,2025-11-25,CE,75
NIFTY25NOV26700PE,13625090,26700.0,2025-11-25,PE,75
NIFTY25NOV26750CE,13625346,26750.0,2025-11-25,CE,75
NIFTY25NOV26750PE,13625602,26750.0,2025-11-25,PE,75
NIFTY25NOV26800CE,13625858,26800.0,2025-11-25,CE,75
NIFTY25NOV26800PE,13626114,26800.0,2025-11-25,PE,75
NIFTY25NOV26850CE,13626370,26850.0,2025-11-25,CE,75
NIFTY25NOV26850PE,13626626,26850.0,2025-11-25,PE,75
NIFTY25NOV26900CE,13628162,26900.0,2025-11-25,CE,75
NIFTY25NOV26900PE,13628418,26900.0,2025-11-25,PE,75
NIFTY25NOV26950CE,13629442,26950.0,2025-11-25,CE,75
NIFTY25NOV26950PE,13629698,26950.0,2025-11-25,PE,75
NIFTY25NOV27000CE,13630466,27000.0,2025-11-25,CE,75
NIFTY25NOV27000PE,13630722,27000.0,2025-11-25,PE,75
NIFTY25NOV27050CE,13630978,27050.0,2025-11-25,CE,75
NIFTY25NOV27050PE,13631234,27050.0,2025-11-25,PE,75
NIFTY25NOV27100CE,13631490,27100.0,2025-11-25,CE,75
NIFTY25NOV27100PE,13631746,27100.0,2025-11-25,PE,75
NIFTY25NOV27150CE,13632002,27150.0,2025-11-25,CE,75
NIFTY25NOV27150PE,13632258,27150.0,2025-11-25,PE,75
NIFTY25DEC13000PE,9676034,13000.0,2025-12-30,PE,75
NIFTY25DEC15000PE,12588546,15000.0,2025-12-30,PE,75
NIFTY25DEC16000CE,12589314,16000.0,2025-12-30,CE,75
NIFTY25DEC16000PE,12589570,16000.0,2025-12-30,PE,75
NIFTY25DEC16500PE,12590082,16500.0,2025-12-30,PE,75
NIFTY25DEC17000CE,11743490,17000.0,2025-12-30,CE,75
NIFTY25DEC17000PE,11743746,17000.0,2025-12-30,PE,75
NIFTY25DEC18000CE,14110978,18000.0,2025-12-30,CE,75
NIFTY25DEC18000PE,14111234,18000.0,2025-12-30,PE,75
NIFTY25DEC19000CE,10236674,19000.0,2025-12-30,CE,75
NIFTY25DEC19000PE,10236930,19000.0,2025-12-30,PE,75
NIFTY25DEC19500CE,9392130,19500.0,2025-12-30,CE,75
NIFTY25DEC20000CE,9824258,20000.0,2025-12-30,CE,75
NIFTY25DEC20000PE,9824514,20000.0,2025-12-30,PE,75
NIFTY25DEC21000CE,13171458,21000.0,2025-12-30,CE,75
NIFTY25DEC21000PE,13171714,21000.0,2025-12-30,PE,75
NIFTY25DEC22000CE,15007234,22000.0,2025-12-30,CE,75
NIFTY25DEC22000PE,15007490,22000.0,2025-12-30,PE,75
NIFTY25DEC22850CE,16662530,22850.0,2025-12-30,CE,75
NIFTY25DEC22850PE,16665346,22850.0,2025-12-30,PE,75
NIFTY25DEC22900CE,16665602,22900.0,2025-12-30,CE,75
NIFTY25DEC22900PE,16671746,22900.0,2025-12-30,PE,75
NIFTY25DEC22950CE,16672002,22950.0,2025-12-30,CE,75
NIFTY25DEC22950PE,16672770,22950.0,2025-12-30,PE,75
NIFTY25DEC23000CE,9675522,23000.0,2025-12-30,CE,75
NIFTY25DEC23000PE,9675778,23000.0,2025-12-30,PE,75
NIFTY25DEC23050CE,16673026,23050.0,2025-12-30,CE,75
NIFTY25DEC23050PE,16673282,23050.0,2025-12-30,PE,75
NIFTY25DEC23100CE,16673538,23100.0,2025-12-30,CE,75
NIFTY25DEC23100PE,16673794,23100.0,2025-12-30,PE,75
NIFTY25DEC23150CE,16675586,23150.0,2025-12-30,CE,75
NIFTY25DEC23150PE,16675842,23150.0,2025-12-30,PE,75
NIFTY25DEC23200CE,16676098,23200.0,2025-12-30,CE,75
NIFTY25DEC23200PE,16676354,23200.0,2025-12-30,PE,75
NIFTY25DEC23250CE,16677634,23250.0,2025-12-30,CE,75
NIFTY25DEC23250PE,16677890,23250.0,2025-12-30,PE,75
NIFTY25DEC23300CE,16678146,23300.0,2025-12-30,CE,75
NIFTY25DEC23300PE,16678402,23300.0,2025-12-30,PE,75
NIFTY25DEC23350CE,16684034,23350.0,2025-12-30,CE,75
NIFTY25DEC23350PE,16684290,23350.0,2025-12-30,PE,75
NIFTY25DEC23400CE,16685058,23400.0,2025-12-30,CE,75
NIFTY25DEC23400PE,16685314,23400.0,2025-12-30,PE,75
NIFTY25DEC23450CE,16686082,23450.0,2025-12-30,CE,75
NIFTY25DEC23450PE,16686338,23450.0,2025-12-30,PE,75
NIFTY25DEC23500CE,16690178,23500.0,2025-12-30,CE,75
NIFTY25DEC23500PE,16690434,23500.0,2025-12-30,PE,75
NIFTY25DEC23550CE,16690690,23550.0,2025-12-30,CE,75
NIFTY25DEC23550PE,16691970,23550.0,2025-12-30,PE,75
NIFTY25DEC23600CE,16692738,23600.0,2025-12-30,CE,75
NIFTY25DEC23600PE,16692994,23600.0,2025-12-30,PE,75
NIFTY25DEC23650CE,16693250,23650.0,2025-12-30,CE,75
NIFTY25DEC23650PE,16694274,23650.0,2025-12-30,PE,75
NIFTY25DEC23700CE,16694530,23700.0,2025-12-30,CE,75
NIFTY25DEC23700PE,16695554,23700.0,2025-12-30,PE,75
NIFTY25DEC23750CE,16695810,23750.0,2025-12-30,CE,75
NIFTY25DEC23750PE,16696578,23750.0,2025-12-30,PE,75
NIFTY25DEC23800CE,16696834,23800.0,2025-12-30,CE,75
NIFTY25DEC23800PE,16697090,23800.0,2025-12-30,PE,75
NIFTY25DEC23850CE,16697346,23850.0,2025-12-30,CE,75
NIFTY25DEC23850PE,16697602,23850.0,2025-12-30,PE,75
NIFTY25DEC23900CE,16697858,23900.0,2025-12-30,CE,75
NIFTY25DEC23900PE,16698114,23900.0,2025-12-30,PE,75
NIFTY25DEC23950CE,16698370,23950.0,2025-12-30,CE,75
NIFTY25DEC23950PE,16699138,23950.0,2025-12-30,PE,75
NIFTY25DEC24000CE,18276610,24000.0,2025-12-30,CE,75
NIFTY25DEC24000PE,18276866,24000.0,2025-12-30,PE,75
NIFTY25DEC24050CE,16699394,24050.0,2025-12-30,CE,75
NIFTY25DEC24050PE,16699650,24050.0,2025-12-30,PE,75
NIFTY25DEC24100CE,16699906,24100.0,2025-12-30,CE,75
NIFTY25DEC24100PE,16700162,24100.0,2025-12-30,PE,75
NIFTY25DEC24150CE,16701954,24150.0,2025-12-30,CE,75
NIFTY25DEC24150PE,16702210,24150.0,2025-12-30,PE,75
NIFTY25DEC24200CE,16702466,24200.0,2025-12-30,CE,75
NIFTY25DEC24200PE,16702722,24200.0,2025-12-30,PE,75
NIFTY25DEC24250CE,16703490,24250.0,2025-12-30,CE,75
NIFTY25DEC24250PE,16703746,24250.0,2025-12-30,PE,75
NIFTY25DEC24300CE,16704002,24300.0,2025-12-30,CE,75
NIFTY25DEC24300PE,16704258,24300.0,2025-12-30,PE,75
NIFTY25DEC24350CE,16704514,24350.0,2025-12-30,CE,75
NIFTY25DEC24350PE,16704770,24350.0,2025-12-30,PE,75
NIFTY25DEC24400CE,16707074,24400.0,2025-12-30,CE,75
NIFTY25DEC24400PE,16707330,24400.0,2025-12-30,PE,75
NIFTY25DEC24450CE,16707586,24450.0,2025-12-30,CE,75
NIFTY25DEC24450PE,16707842,24450.0,2025-12-30,PE,75
NIFTY25DEC24500CE,16708610,24500.0,2025-12-30,CE,75
NIFTY25DEC24500PE,16708866,24500.0,2025-12-30,PE,75
NIFTY25DEC24550CE,16709122,24550.0,2025-12-30,CE,75
NIFTY25DEC24550PE,16709378,24550.0,2025-12-30,PE,75
NIFTY25DEC24600CE,16709634,24600.0,2025-12-30,CE,75
NIFTY25DEC24600PE,16709890,24600.0,2025-12-30,PE,75
NIFTY25DEC24650CE,16720386,24650.0,2025-12-30,CE,75
NIFTY25DEC24650PE,16720642,24650.0,2025-12-30,PE,75
NIFTY25DEC24700CE,16720898,24700.0,2025-12-30,CE,75
NIFTY25DEC24700PE,16721154,24700.0,2025-12-30,PE,75
NIFTY25DEC24750CE,16724738,24750.0,2025-12-30,CE,75
NIFTY25DEC24750PE,16724994,24750.0,2025-12-30,PE,75
NIFTY25DEC24800CE,16725250,24800.0,2025-12-30,CE,75
NIFTY25DEC24800PE,16725506,24800.0,2025-12-30,PE,75
NIFTY25DEC24850CE,16725762,24850.0,2025-12-30,CE,75
NIFTY25DEC24850PE,16726018,24850.0,2025-12-30,PE,75
NIFTY25DEC24900CE,16729346,24900.0,2025-12-30,CE,75
NIFTY25DEC24900PE,16729602,24900.0,2025-12-30,PE,75
NIFTY25DEC24950CE,16729858,24950.0,2025-12-30,CE,75
NIFTY25DEC24950PE,16730114,24950.0,2025-12-30,PE,75
NIFTY25DEC25000CE,18277122,25000.0,2025-12-30,CE,75
NIFTY25DEC25000PE,18277890,25000.0,2025-12-30,PE,75
NIFTY25DEC25050CE,16730370,25050.0,2025-12-30,CE,75
NIFTY25DEC25050PE,16730626,25050.0,2025-12-30,PE,75
NIFTY25DEC25100CE,16732162,25100.0,2025-12-30,CE,75
NIFTY25DEC25100PE,16732418,25100.0,2025-12-30,PE,75
NIFTY25DEC25150CE,16739586,25150.0,2025-12-30,CE,75
NIFTY25DEC25150PE,16739842,25150.0,2025-12-30,PE,75
NIFTY25DEC25200CE,16750850,25200.0,2025-12-30,CE,75
NIFTY25DEC25200PE,16751106,25200.0,2025-12-30,PE,75
NIFTY25DEC25250CE,16751362,25250.0,2025-12-30,CE,75
NIFTY25DEC25250PE,16752130,25250.0,2025-12-30,PE,75
NIFTY25DEC25300CE,16768258,25300.0,2025-12-30,CE,75
NIFTY25DEC25300PE,16775170,25300.0,2025-12-30,PE,75
NIFTY25DEC25350CE,16775426,25350.0,2025-12-30,CE,75
NIFTY25DEC25350PE,16775682,25350.0,2025-12-30,PE,75
NIFTY25DEC25400CE,16775938,25400.0,2025-12-30,CE,75
NIFTY25DEC25400PE,16776194,25400.0,2025-12-30,PE,75
NIFTY25DEC25450CE,16776450,25450.0,2025-12-30,CE,75
NIFTY25DEC25450PE,16776706,25450.0,2025-12-30,PE,75
NIFTY25DEC25500CE,16776962,25500.0,2025-12-30,CE,75
NIFTY25DEC25500PE,16781314,25500.0,2025-12-30,PE,75
NIFTY25DEC25550CE,16781570,25550.0,2025-12-30,CE,75
NIFTY25DEC25550PE,16781826,25550.0,2025-12-30,PE,75
NIFTY25DEC25600CE,16782082,25600.0,2025-12-30,CE,75
NIFTY25DEC25600PE,16782338,25600.0,2025-12-30,PE,75
NIFTY25DEC25650CE,16782594,25650.0,2025-12-30,CE,75
NIFTY25DEC25650PE,16782850,25650.0,2025-12-30,PE,75
NIFTY25DEC25700CE,16783106,25700.0,2025-12-30,CE,75
NIFTY25DEC25700PE,16783362,25700.0,2025-12-30,PE,75
NIFTY25DEC25750CE,16783618,25750.0,2025-12-30,CE,75
NIFTY25DEC25750PE,16783874,25750.0,2025-12-30,PE,75
NIFTY25DEC25800CE,16784130,25800.0,2025-12-30,CE,75
NIFTY25DEC25800PE,16784386,25800.0,2025-12-30,PE,75
NIFTY25DEC25850CE,16785666,25850.0,2025-12-30,CE,75
NIFTY25DEC25850PE,16785922,25850.0,2025-12-30,PE,75
NIFTY25DEC25900CE,16786178,25900.0,2025-12-30,CE,75
NIFTY25DEC25900PE,16793346,25900.0,2025-12-30,PE,75
NIFTY25DEC25950CE,16793602,25950.0,2025-12-30,CE,75
NIFTY25DEC25950PE,16798722,25950.0,2025-12-30,PE,75
NIFTY25DEC26000CE,18278146,26000.0,2025-12-30,CE,75
NIFTY25DEC26000PE,18279170,26000.0,2025-12-30,PE,75
NIFTY25DEC26050CE,16798978,26050.0,2025-12-30,CE,75
NIFTY25DEC26050PE,16799234,26050.0,2025-12-30,PE,75
NIFTY25DEC26100CE,16799490,26100.0,2025-12-30,CE,75
NIFTY25DEC26100PE,16800770,26100.0,2025-12-30,PE,75
NIFTY25DEC26150CE,16801026,26150.0,2025-12-30,CE,75
NIFTY25DEC26150PE,16802306,26150.0,2025-12-30,PE,75
NIFTY25DEC26200CE,16802562,26200.0,2025-12-30,CE,75
NIFTY25DEC26200PE,16803586,26200.0,2025-12-30,PE,75
NIFTY25DEC26250CE,16803842,26250.0,2025-12-30,CE,75
NIFTY25DEC26250PE,16805634,26250.0,2025-12-30,PE,75
NIFTY25DEC26300CE,16806658,26300.0,2025-12-30,CE,75
NIFTY25DEC26300PE,16806914,26300.0,2025-12-30,PE,75
NIFTY25DEC26350CE,16816386,26350.0,2025-12-30,CE,75
NIFTY25DEC26350PE,16816642,26350.0,2025-12-30,PE,75
NIFTY25DEC26400CE,16816898,26400.0,2025-12-30,CE,75
NIFTY25DEC26400PE,16817154,26400.0,2025-12-30,PE,75
NIFTY25DEC26450CE,16817410,26450.0,2025-12-30,CE,75
NIFTY25DEC26450PE,16817666,26450.0,2025-12-30,PE,75
NIFTY25DEC26500CE,16817922,26500.0,2025-12-30,CE,75
NIFTY25DEC26500PE,16819458,26500.0,2025-12-30,PE,75
NIFTY25DEC26550CE,16819714,26550.0,2025-12-30,CE,75
NIFTY25DEC26550PE,16821762,26550.0,2025-12-30,PE,75
NIFTY25DEC26600CE,16822018,26600.0,2025-12-30,CE,75
NIFTY25DEC26600PE,16822274,26600.0,2025-12-30,PE,75
NIFTY25DEC26650CE,16822530,26650.0,2025-12-30,CE,75
NIFTY25DEC26650PE,16822786,26650.0,2025-12-30,PE,75
NIFTY25DEC27000CE,13048578,27000.0,2025-12-30,CE,75
NIFTY25DEC27000PE,13048834,27000.0,2025-12-30,PE,75
NIFTY25DEC28000CE,12939010,28000.0,2025-12-30,CE,75
NIFTY25DEC28000PE,12939266,28000.0,2025-12-30,PE,75
NIFTY25DEC29000CE,9766914,29000.0,2025-12-30,CE,75
NIFTY25DEC29000PE,9767170,29000.0,2025-12-30,PE,75
NIFTY25DEC30000CE,9016578,30000.0,2025-12-30,CE,75
NIFTY25DEC30000PE,9016834,30000.0,2025-12-30,PE,75
NIFTY25DEC31000CE,10785026,31000.0,2025-12-30,CE,75
NIFTY25DEC31000PE,10785794,31000.0,2025-12-30,PE,75
NIFTY26MAR19000CE,16105986,19000.0,2026-03-31,CE,75
NIFTY26MAR19000PE,16106242,19000.0,2026-03-31,PE,75
NIFTY26MAR20000CE,16106498,20000.0,2026-03-31,CE,75
NIFTY26MAR20000PE,16106754,20000.0,2026-03-31,PE,75
NIFTY26MAR21000CE,16107010,21000.0,2026-03-31,CE,75
NIFTY26MAR21000PE,16107266,21000.0,2026-03-31,PE,75
NIFTY26MAR22000CE,16107522,22000.0,2026-03-31,CE,75
NIFTY26MAR22000PE,16107778,22000.0,2026-03-31,PE,75
NIFTY26MAR23000CE,16108034,23000.0,2026-03-31,CE,75
NIFTY26MAR23000PE,16108290,23000.0,2026-03-31,PE,75
NIFTY26MAR24000CE,16108546,24000.0,2026-03-31,CE,75
NIFTY26MAR24000PE,16108802,24000.0,2026-03-31,PE,75
NIFTY26MAR25000CE,16109058,25000.0,2026-03-31,CE,75
NIFTY26MAR25000PE,16109314,25000.0,2026-03-31,PE,75
NIFTY26MAR26000CE,16109570,26000.0,2026-03-31,CE,75
NIFTY26MAR26000PE,16109826,26000.0,2026-03-31,PE,75
NIFTY26MAR27000CE,16110082,27000.0,2026-03-31,CE,75
NIFTY26MAR27000PE,16110338,27000.0,2026-03-31,PE,75
NIFTY26MAR28000CE,16110594,28000.0,2026-03-31,CE,75
NIFTY26MAR28000PE,16110850,28000.0,2026-03-31,PE,75
NIFTY26MAR29000CE,16111362,29000.0,2026-03-31,CE,75
NIFTY26MAR29000PE,16111618,29000.0,2026-03-31,PE,75
NIFTY26MAR30000CE,16111874,30000.0,2026-03-31,CE,75
NIFTY26MAR30000PE,16116482,30000.0,2026-03-31,PE,75
NIFTY26MAR31000CE,16116738,31000.0,2026-03-31,CE,75
NIFTY26MAR31000PE,16118786,31000.0,2026-03-31,PE,75
NIFTY26JUN12000CE,15007746,12000.0,2026-06-30,CE,75
NIFTY26JUN12000PE,15008002,12000.0,2026-06-30,PE,75
NIFTY26JUN13000PE,9677314,13000.0,2026-06-30,PE,75
NIFTY26JUN14000PE,12913666,14000.0,2026-06-30,PE,75
NIFTY26JUN15000PE,12914690,15000.0,2026-06-30,PE,75
NIFTY26JUN16000PE,12918274,16000.0,2026-06-30,PE,75
NIFTY26JUN18000CE,12942338,18000.0,2026-06-30,CE,75
NIFTY26JUN19000CE,10237186,19000.0,2026-06-30,CE,75
NIFTY26JUN19000PE,10237442,19000.0,2026-06-30,PE,75
NIFTY26JUN20000CE,9824770,20000.0,2026-06-30,CE,75
NIFTY26JUN20000PE,9825282,20000.0,2026-06-30,PE,75
NIFTY26JUN21000CE,13171970,21000.0,2026-06-30,CE,75
NIFTY26JUN21000PE,13172482,21000.0,2026-06-30,PE,75
NIFTY26JUN22000CE,15008258,22000.0,2026-06-30,CE,75
NIFTY26JUN22000PE,15008514,22000.0,2026-06-30,PE,75
NIFTY26JUN23000CE,9676546,23000.0,2026-06-30,CE,75
NIFTY26JUN23000PE,9678082,23000.0,2026-06-30,PE,75
NIFTY26JUN24000CE,18296834,24000.0,2026-06-30,CE,75
NIFTY26JUN24000PE,18297090,24000.0,2026-06-30,PE,75
NIFTY26JUN25000CE,18297346,25000.0,2026-06-30,CE,75
NIFTY26JUN25000PE,18297602,25000.0,2026-06-30,PE,75
NIFTY26JUN26000CE,18297858,26000.0,2026-06-30,CE,75
NIFTY26JUN26000PE,18298114,26000.0,2026-06-30,PE,75
NIFTY26JUN27000CE,13049090,27000.0,2026-06-30,CE,75
NIFTY26JUN27000PE,13049858,27000.0,2026-06-30,PE,75
NIFTY26JUN28000CE,12939522,28000.0,2026-06-30,CE,75
NIFTY26JUN28000PE,12939778,28000.0,2026-06-30,PE,75
NIFTY26JUN29000CE,9767426,29000.0,2026-06-30,CE,75
NIFTY26JUN29000PE,9768194,29000.0,2026-06-30,PE,75
NIFTY26JUN30000CE,9018626,30000.0,2026-06-30,CE,75
NIFTY26JUN30000PE,9019138,30000.0,2026-06-30,PE,75
NIFTY26JUN31000CE,10786050,31000.0,2026-06-30,CE,75
NIFTY26JUN31000PE,10786306,31000.0,2026-06-30,PE,75
NIFTY26SEP20000CE,16868098,20000.0,2026-09-29,CE,75
NIFTY26SEP20000PE,16868354,20000.0,2026-09-29,PE,75
NIFTY26SEP21000CE,16868610,21000.0,2026-09-29,CE,75
NIFTY26SEP21000PE,16868866,21000.0,2026-09-29,PE,75
NIFTY26SEP22000CE,16869378,22000.0,2026-09-29,CE,75
NIFTY26SEP22000PE,16869634,22000.0,2026-09-29,PE,75
NIFTY26SEP23000CE,16869890,23000.0,2026-09-29,CE,75
NIFTY26SEP23000PE,16870146,23000.0,2026-09-29,PE,75
NIFTY26SEP24000CE,16870402,24000.0,2026-09-29,CE,75
NIFTY26SEP24000PE,16870658,24000.0,2026-09-29,PE,75
NIFTY26SEP25000CE,16870914,25000.0,2026-09-29,CE,75
NIFTY26SEP25000PE,16871170,25000.0,2026-09-29,PE,75
NIFTY26SEP26000CE,16871426,26000.0,2026-09-29,CE,75
NIFTY26SEP26000PE,16871682,26000.0,2026-09-29,PE,75
NIFTY26SEP27000CE,16871938,27000.0,2026-09-29,CE,75
NIFTY26SEP27000PE,16872194,27000.0,2026-09-29,PE,75
NIFTY26SEP28000CE,16875266,28000.0,2026-09-29,CE,75
NIFTY26SEP28000PE,16875522,28000.0,2026-09-29,PE,75
NIFTY26SEP29000CE,16875778,29000.0,2026-09-29,CE,75
NIFTY26SEP29000PE,16876034,29000.0,2026-09-29,PE,75
NIFTY26SEP30000CE,16876290,30000.0,2026-09-29,CE,75
NIFTY26SEP30000PE,16876546,30000.0,2026-09-29,PE,75
NIFTY26DEC12000PE,15009026,12000.0,2026-12-29,PE,75
NIFTY26DEC13000PE,15009538,13000.0,2026-12-29,PE,75
NIFTY26DEC14000PE,15010050,14000.0,2026-12-29,PE,75
NIFTY26DEC15000PE,15010562,15000.0,2026-12-29,PE,75
NIFTY26DEC16000CE,15010818,16000.0,2026-12-29,CE,75
NIFTY26DEC16000PE,15011074,16000.0,2026-12-29,PE,75
NIFTY26DEC17000PE,15011586,17000.0,2026-12-29,PE,75
NIFTY26DEC18000PE,15012098,18000.0,2026-12-29,PE,75
NIFTY26DEC19000CE,15012354,19000.0,2026-12-29,CE,75
NIFTY26DEC19000PE,15012610,19000.0,2026-12-29,PE,75
NIFTY26DEC20000CE,15012866,20000.0,2026-12-29,CE,75
NIFTY26DEC20000PE,15013122,20000.0,2026-12-29,PE,75
NIFTY26DEC21000CE,15013378,21000.0,2026-12-29,CE,75
NIFTY26DEC21000PE,15013634,21000.0,2026-12-29,PE,75
NIFTY26DEC22000CE,15013890,22000.0,2026-12-29,CE,75
NIFTY26DEC22000PE,15014146,22000.0,2026-12-29,PE,75
NIFTY26DEC23000CE,9678338,23000.0,2026-12-29,CE,75
NIFTY26DEC23000PE,9679362,23000.0,2026-12-29,PE,75
NIFTY26DEC24000CE,18304258,24000.0,2026-12-29,CE,75
NIFTY26DEC24000PE,18304514,24000.0,2026-12-29,PE,75
NIFTY26DEC25000CE,18304770,25000.0,2026-12-29,CE,75
NIFTY26DEC25000PE,18305026,25000.0,2026-12-29,PE,75
NIFTY26DEC26000CE,18305282,26000.0,2026-12-29,CE,75
NIFTY26DEC26000PE,18305538,26000.0,2026-12-29,PE,75
NIFTY26DEC27000CE,13050370,27000.0,2026-12-29,CE,75
NIFTY26DEC27000PE,13050626,27000.0,2026-12-29,PE,75
NIFTY26DEC28000CE,12940034,28000.0,2026-12-29,CE,75
NIFTY26DEC28000PE,12940290,28000.0,2026-12-29,PE,75
NIFTY26DEC29000CE,9768450,29000.0,2026-12-29,CE,75
NIFTY26DEC29000PE,9768706,29000.0,2026-12-29,PE,75
NIFTY26DEC30000CE,9020162,30000.0,2026-12-29,CE,75
NIFTY26DEC30000PE,9020674,30000.0,2026-12-29,PE,75
NIFTY26DEC31000CE,10786818,31000.0,2026-12-29,CE,75
NIFTY26DEC31000PE,10787074,31000.0,2026-12-29,PE,75
NIFTY27JUN18000PE,18316290,18000.0,2027-06-29,PE,75
NIFTY27JUN19000CE,18316546,19000.0,2027-06-29,CE,75
NIFTY27JUN19000PE,18316802,19000.0,2027-06-29,PE,75
NIFTY27JUN20000CE,18317058,20000.0,2027-06-29,CE,75
NIFTY27JUN20000PE,18317314,20000.0,2027-06-29,PE,75
NIFTY27JUN21000CE,18317570,21000.0,2027-06-29,CE,75
NIFTY27JUN21000PE,18317826,21000.0,2027-06-29,PE,75
NIFTY27JUN22000CE,18318338,22000.0,2027-06-29,CE,75
NIFTY27JUN22000PE,18318594,22000.0,2027-06-29,PE,75
NIFTY27JUN23000CE,18318850,23000.0,2027-06-29,CE,75
NIFTY27JUN23000PE,18319106,23000.0,2027-06-29,PE,75
NIFTY27JUN24000CE,18319362,24000.0,2027-06-29,CE,75
NIFTY27JUN24000PE,18319618,24000.0,2027-06-29,PE,75
NIFTY27JUN25000CE,18319874,25000.0,2027-06-29,CE,75
NIFTY27JUN25000PE,18320130,25000.0,2027-06-29,PE,75
NIFTY27JUN26000CE,18320386,26000.0,2027-06-29,CE,75
NIFTY27JUN26000PE,18320642,26000.0,2027-06-29,PE,75
NIFTY27JUN27000CE,13051138,27000.0,2027-06-29,CE,75
NIFTY27JUN27000PE,13051906,27000.0,2027-06-29,PE,75
NIFTY27JUN28000CE,12940546,28000.0,2027-06-29,CE,75
NIFTY27JUN28000PE,12940802,28000.0,2027-06-29,PE,75
NIFTY27JUN29000CE,9768962,29000.0,2027-06-29,CE,75
NIFTY27JUN29000PE,9769730,29000.0,2027-06-29,PE,75
NIFTY27JUN30000CE,9027074,30000.0,2027-06-29,CE,75
NIFTY27JUN30000PE,9027330,30000.0,2027-06-29,PE,75
NIFTY27JUN31000CE,10788354,31000.0,2027-06-29,CE,75
NIFTY27JUN31000PE,10788610,31000.0,2027-06-29,PE,75
NIFTY27DEC15000PE,13720322,15000.0,2027-12-28,PE,75
NIFTY27DEC17000PE,13722114,17000.0,2027-12-28,PE,75
NIFTY27DEC18000PE,13722626,18000.0,2027-12-28,PE,75
NIFTY27DEC19000CE,13722882,19000.0,2027-12-28,CE,75
NIFTY27DEC19000PE,13723138,19000.0,2027-12-28,PE,75
NIFTY27DEC20000CE,13723394,20000.0,2027-12-28,CE,75
NIFTY27DEC20000PE,13724418,20000.0,2027-12-28,PE,75
NIFTY27DEC21000CE,13724930,21000.0,2027-12-28,CE,75
NIFTY27DEC21000PE,13725442,21000.0,2027-12-28,PE,75
NIFTY27DEC22000CE,13725698,22000.0,2027-12-28,CE,75
NIFTY27DEC22000PE,13725954,22000.0,2027-12-28,PE,75
NIFTY27DEC23000CE,13726210,23000.0,2027-12-28,CE,75
NIFTY27DEC23000PE,13726466,23000.0,2027-12-28,PE,75
NIFTY27DEC24000CE,13727746,24000.0,2027-12-28,CE,75
NIFTY27DEC24000PE,13728002,24000.0,2027-12-28,PE,75
NIFTY27DEC25000CE,13728258,25000.0,2027-12-28,CE,75
NIFTY27DEC25000PE,13728514,25000.0,2027-12-28,PE,75
NIFTY27DEC26000CE,13728770,26000.0,2027-12-28,CE,75
NIFTY27DEC26000PE,13729282,26000.0,2027-12-28,PE,75
NIFTY27DEC27000CE,13729538,27000.0,2027-12-28,CE,75
NIFTY27DEC27000PE,13729794,27000.0,2027-12-28,PE,75
NIFTY27DEC28000CE,13730050,28000.0,2027-12-28,CE,75
NIFTY27DEC28000PE,13730562,28000.0,2027-12-28,PE,75
NIFTY27DEC29000CE,9769986,29000.0,2027-12-28,CE,75
NIFTY27DEC29000PE,9770242,29000.0,2027-12-28,PE,75
NIFTY27DEC30000CE,9048578,30000.0,2027-12-28,CE,75
NIFTY27DEC30000PE,9048834,30000.0,2027-12-28,PE,75
NIFTY27DEC31000CE,10788866,31000.0,2027-12-28,CE,75
NIFTY27DEC31000PE,10789634,31000.0,2027-12-28,PE,75
NIFTY28JUN19000CE,22052098,19000.0,2028-06-27,CE,75
NIFTY28JUN19000PE,22052354,19000.0,2028-06-27,PE,75
NIFTY28JUN20000CE,22052610,20000.0,2028-06-27,CE,75
NIFTY28JUN20000PE,22052866,20000.0,2028-06-27,PE,75
NIFTY28JUN21000CE,22053122,21000.0,2028-06-27,CE,75
NIFTY28JUN21000PE,22053378,21000.0,2028-06-27,PE,75
NIFTY28JUN22000CE,22053634,22000.0,2028-06-27,CE,75
NIFTY28JUN22000PE,22053890,22000.0,2028-06-27,PE,75
NIFTY28JUN23000CE,22054146,23000.0,2028-06-27,CE,75
NIFTY28JUN23000PE,22054402,23000.0,2028-06-27,PE,75
NIFTY28JUN24000CE,22054658,24000.0,2028-06-27,CE,75
NIFTY28JUN24000PE,22054914,24000.0,2028-06-27,PE,75
NIFTY28JUN25000CE,22055170,25000.0,2028-06-27,CE,75
NIFTY28JUN25000PE,22056962,25000.0,2028-06-27,PE,75
NIFTY28JUN26000CE,22057218,26000.0,2028-06-27,CE,75
NIFTY28JUN26000PE,22057474,26000.0,2028-06-27,PE,75
NIFTY28JUN27000CE,22057730,27000.0,2028-06-27,CE,75
NIFTY28JUN27000PE,22057986,27000.0,2028-06-27,PE,75
NIFTY28JUN28000CE,22058242,28000.0,2028-06-27,CE,75
NIFTY28JUN28000PE,22058498,28000.0,2028-06-27,PE,75
NIFTY28JUN29000CE,22058754,29000.0,2028-06-27,CE,75
NIFTY28JUN29000PE,22059010,29000.0,2028-06-27,PE,75
NIFTY28JUN30000CE,9050114,30000.0,2028-06-27,CE,75
NIFTY28JUN30000PE,9050370,30000.0,2028-06-27,PE,75
NIFTY28JUN31000CE,10791682,31000.0,2028-06-27,CE,75
NIFTY28JUN31000PE,10792706,31000.0,2028-06-27,PE,75
NIFTY28DEC18000PE,17349378,18000.0,2028-12-26,PE,75
NIFTY28DEC19000CE,17349634,19000.0,2028-12-26,CE,75
NIFTY28DEC19000PE,17349890,19000.0,2028-12-26,PE,75
NIFTY28DEC20000CE,17350146,20000.0,2028-12-26,CE,75
NIFTY28DEC20000PE,17350402,20000.0,2028-12-26,PE,75
NIFTY28DEC21000CE,17350658,21000.0,2028-12-26,CE,75
NIFTY28DEC21000PE,17350914,21000.0,2028-12-26,PE,75
NIFTY28DEC22000CE,17351170,22000.0,2028-12-26,CE,75
NIFTY28DEC22000PE,17351426,22000.0,2028-12-26,PE,75
NIFTY28DEC23000CE,17351682,23000.0,2028-12-26,CE,75
NIFTY28DEC23000PE,17351938,23000.0,2028-12-26,PE,75
NIFTY28DEC24000CE,17352194,24000.0,2028-12-26,CE,75
NIFTY28DEC24000PE,17352450,24000.0,2028-12-26,PE,75
NIFTY28DEC25000CE,17352706,25000.0,2028-12-26,CE,75
NIFTY28DEC25000PE,17352962,25000.0,2028-12-26,PE,75
NIFTY28DEC26000CE,17353218,26000.0,2028-12-26,CE,75
NIFTY28DEC26000PE,17353474,26000.0,2028-12-26,PE,75
NIFTY28DEC27000CE,17353730,27000.0,2028-12-26,CE,75
NIFTY28DEC27000PE,17353986,27000.0,2028-12-26,PE,75
NIFTY28DEC28000CE,17354242,28000.0,2028-12-26,CE,75
NIFTY28DEC28000PE,17354498,28000.0,2028-12-26,PE,75
NIFTY28DEC29000CE,17354754,29000.0,2028-12-26,CE,75
NIFTY28DEC29000PE,17355010,29000.0,2028-12-26,PE,75
NIFTY28DEC30000CE,17355266,30000.0,2028-12-26,CE,75
NIFTY28DEC30000PE,17355522,30000.0,2028-12-26,PE,75
NIFTY28DEC31000CE,17355778,31000.0,2028-12-26,CE,75
NIFTY28DEC31000PE,17356034,31000.0,2028-12-26,PE,75
NIFTY29JUN19000CE,22941186,19000.0,2029-06-26,CE,75
NIFTY29JUN19000PE,22941442,19000.0,2029-06-26,PE,75
NIFTY29JUN20000CE,22941698,20000.0,2029-06-26,CE,75
NIFTY29JUN20000PE,22943490,20000.0,2029-06-26,PE,75
NIFTY29JUN21000CE,22943746,21000.0,2029-06-26,CE,75
NIFTY29JUN21000PE,22944002,21000.0,2029-06-26,PE,75
NIFTY29JUN22000CE,22944258,22000.0,2029-06-26,CE,75
NIFTY29JUN22000PE,22944514,22000.0,2029-06-26,PE,75
NIFTY29JUN23000CE,22944770,23000.0,2029-06-26,CE,75
NIFTY29JUN23000PE,22945026,23000.0,2029-06-26,PE,75
NIFTY29JUN24000CE,22945282,24000.0,2029-06-26,CE,75
NIFTY29JUN24000PE,22945538,24000.0,2029-06-26,PE,75
NIFTY29JUN25000CE,22945794,25000.0,2029-06-26,CE,75
NIFTY29JUN25000PE,22946050,25000.0,2029-06-26,PE,75
NIFTY29JUN26000CE,22946306,26000.0,2029-06-26,CE,75
NIFTY29JUN26000PE,22946562,26000.0,2029-06-26,PE,75
NIFTY29JUN27000CE,22946818,27000.0,2029-06-26,CE,75
NIFTY29JUN27000PE,22947074,27000.0,2029-06-26,PE,75
NIFTY29JUN28000CE,22947330,28000.0,2029-06-26,CE,75
NIFTY29JUN28000PE,22947586,28000.0,2029-06-26,PE,75
NIFTY29JUN29000CE,22947842,29000.0,2029-06-26,CE,75
NIFTY29JUN29000PE,22948098,29000.0,2029-06-26,PE,75
NIFTY29JUN30000CE,22948354,30000.0,2029-06-26,CE,75
NIFTY29JUN30000PE,22948610,30000.0,2029-06-26,PE,75
NIFTY29JUN31000CE,22948866,31000.0,2029-06-26,CE,75
NIFTY29JUN31000PE,22949122,31000.0,2029-06-26,PE,75
NIFTY29DEC19000CE,15718914,19000.0,2029-12-24,CE,75
NIFTY29DEC19000PE,15719170,19000.0,2029-12-24,PE,75
NIFTY29DEC20000CE,15720962,20000.0,2029-12-24,CE,75
NIFTY29DEC20000PE,15721218,20000.0,2029-12-24,PE,75
NIFTY29DEC21000CE,15784706,21000.0,2029-12-24,CE,75
NIFTY29DEC21000PE,15784962,21000.0,2029-12-24,PE,75
NIFTY29DEC22000CE,15806466,22000.0,2029-12-24,CE,75
NIFTY29DEC22000PE,15806722,22000.0,2029-12-24,PE,75
NIFTY29DEC23000CE,15806978,23000.0,2029-12-24,CE,75
NIFTY29DEC23000PE,15807234,23000.0,2029-12-24,PE,75
NIFTY29DEC24000CE,15807490,24000.0,2029-12-24,CE,75
NIFTY29DEC24000PE,15807746,24000.0,2029-12-24,PE,75
NIFTY29DEC25000CE,15813634,25000.0,2029-12-24,CE,75
NIFTY29DEC25000PE,15813890,25000.0,2029-12-24,PE,75
NIFTY29DEC26000CE,15815170,26000.0,2029-12-24,CE,75
NIFTY29DEC26000PE,15815426,26000.0,2029-12-24,PE,75
NIFTY29DEC27000CE,15819266,27000.0,2029-12-24,CE,75
NIFTY29DEC27000PE,15819522,27000.0,2029-12-24,PE,75
NIFTY29DEC28000CE,15835650,28000.0,2029-12-24,CE,75
NIFTY29DEC28000PE,15835906,28000.0,2029-12-24,PE,75
NIFTY29DEC29000CE,15849986,29000.0,2029-12-24,CE,75
NIFTY29DEC29000PE,15850242,29000.0,2029-12-24,PE,75
NIFTY29DEC30000CE,15854594,30000.0,2029-12-24,CE,75
NIFTY29DEC30000PE,15854850,30000.0,2029-12-24,PE,75
NIFTY29DEC31000CE,15868418,31000.0,2029-12-24,CE,75
NIFTY29DEC31000PE,15868674,31000.0,2029-12-24,PE,75
NIFTY30JUN19000CE,15588866,19000.0,2030-06-25,CE,75
NIFTY30JUN19000PE,15589122,19000.0,2030-06-25,PE,75
NIFTY30JUN20000CE,15589378,20000.0,2030-06-25,CE,75
NIFTY30JUN20000PE,15589634,20000.0,2030-06-25,PE,75
NIFTY30JUN21000CE,15589890,21000.0,2030-06-25,CE,75
NIFTY30JUN21000PE,15590146,21000.0,2030-06-25,PE,75
NIFTY30JUN22000CE,15590402,22000.0,2030-06-25,CE,75
NIFTY30JUN22000PE,15590658,22000.0,2030-06-25,PE,75
NIFTY30JUN23000CE,15590914,23000.0,2030-06-25,CE,75
NIFTY30JUN23000PE,15591170,23000.0,2030-06-25,PE,75
NIFTY30JUN24000CE,15591426,24000.0,2030-06-25,CE,75
NIFTY30JUN24000PE,15591682,24000.0,2030-06-25,PE,75
NIFTY30JUN25000CE,15591938,25000.0,2030-06-25,CE,75
NIFTY30JUN25000PE,15592194,25000.0,2030-06-25,PE,75
NIFTY30JUN26000CE,15592450,26000.0,2030-06-25,CE,75
NIFTY30JUN26000PE,15592706,26000.0,2030-06-25,PE,75
NIFTY30JUN27000CE,15592962,27000.0,2030-06-25,CE,75
NIFTY30JUN27000PE,15593218,27000.0,2030-06-25,PE,75
NIFTY30JUN28000CE,15593474,28000.0,2030-06-25,CE,75
NIFTY30JUN28000PE,15596546,28000.0,2030-06-25,PE,75
NIFTY30JUN29000CE,15596802,29000.0,2030-06-25,CE,75
NIFTY30JUN29000PE,15597058,29000.0,2030-06-25,PE,75
NIFTY30JUN30000CE,15599618,30000.0,2030-06-25,CE,75
NIFTY30JUN30000PE,15600386,30000.0,2030-06-25,PE,75
NIFTY30JUN31000CE,15600642,31000.0,2030-06-25,CE,75
NIFTY30JUN31000PE,15600898,31000.0,2030-06-25,PE,75
